datetime,open,high,low,close,volume,end_time,adj_close,completed,willr,willr_ema,willr_ema_prev
1577836800,129.16,129.19,128.68,128.87,7769.17336,1577840399999,128.87,True,,,
1577840400,128.87,130.65,128.78,130.64,11344.65516,1577843999999,130.64,True,,,
1577844000,130.63,130.98,130.35,130.85,7603.35623,1577847599999,130.85,True,,,
1577847600,130.85,130.89,129.94,130.2,4968.55433,1577851199999,130.2,True,,,
1577851200,130.21,130.74,130.15,130.2,3397.90747,1577854799999,130.2,True,,,
1577854800,130.2,130.47,130.11,130.3,4243.6064,1577858399999,130.3,True,,,
1577858400,130.31,130.75,130.26,130.44,3668.90166,1577861999999,130.44,True,,,
1577862000,130.47,130.71,130.14,130.24,4147.17413,1577865599999,130.24,True,,,
1577865600,130.24,130.41,129.87,130.36,7541.44497,1577869199999,130.36,True,,,
1577869200,130.4,130.62,130.13,130.17,4808.20496,1577872799999,130.17,True,,,
1577872800,130.17,130.82,130.07,130.7,4625.5017,1577876399999,130.7,True,,,
1577876400,130.67,131.87,130.6,130.74,10847.79032,1577879999999,130.74,True,,,
1577880000,130.74,131.61,130.7,131.61,4163.30667,1577883599999,131.61,True,,,
1577883600,131.6,131.9,131.28,131.68,7160.65302,1577887199999,131.68,True,-6.83229813664593,,
1577887200,131.66,132.37,131.24,131.96,7325.25762,1577890799999,131.96,True,-11.420612813370367,,
1577890800,131.95,132.4,131.6,132.08,5361.06926,1577894399999,132.08,True,-12.648221343873242,,
1577894400,132.08,132.95,131.78,132.85,6915.20906,1577897999999,132.85,True,-3.246753246753079,,
1577898000,132.86,133.05,132.27,132.34,5424.00732,1577901599999,132.34,True,-22.327044025157434,,
1577901600,132.34,132.46,131.57,132.04,5707.7934,1577905199999,132.04,True,-31.761006289308717,,
1577905200,132.04,132.16,131.62,131.86,2111.21443,1577908799999,131.86,True,-37.42138364779859,,
1577908800,131.86,132.25,131.7,132.18,2014.79285,1577912399999,132.18,True,-27.35849056603782,,
1577912400,132.17,132.37,131.68,131.78,4879.42025,1577915999999,131.78,True,-39.93710691823923,,
1577916000,131.82,131.82,129.9,130.27,14876.06749,1577919599999,130.27,True,-88.25396825396813,,
1577919600,130.28,130.87,129.74,130.77,3865.45991,1577923199999,130.77,True,-68.88217522658609,,
1577923200,130.72,130.78,130.27,130.67,3772.6667,1577926799999,130.67,True,-71.90332326284054,,
1577926800,130.66,130.67,130.12,130.15,3684.51912,1577930399999,130.15,True,-87.61329305135963,,
1577930400,130.14,130.16,128.89,129.72,19078.42209,1577933999999,129.72,True,-80.04807692307675,,
1577934000,129.71,129.71,128.77,129.1,11950.18634,1577937599999,129.1,True,-92.2897196261686,,
1577937600,129.09,129.87,128.69,129.55,8931.67759,1577941199999,129.55,True,-80.27522935779791,,
1577941200,129.57,129.75,129.3,129.63,7276.74256,1577944799999,129.63,True,-78.44036697247718,,
1577944800,129.6,129.99,129.15,129.42,4823.43405,1577948399999,129.42,True,-83.25688073394524,,
1577948400,129.43,129.67,128.96,129.26,6548.36046,1577951999999,129.26,True,-84.88063660477476,,
1577952000,129.23,130.27,129.21,130.21,7205.6708,1577955599999,130.21,True,-58.69565217391284,,
1577955600,130.21,130.21,129.57,129.98,5828.65169,1577959199999,129.98,True,-64.94565217391333,,
1577959200,129.97,130.28,129.66,129.72,8014.34789,1577962799999,129.72,True,-72.01086956521742,,
1577962800,129.73,129.94,129.44,129.53,4293.24985,1577966399999,129.53,True,-73.16293929712445,,
1577966400,129.52,129.99,129.52,129.96,3718.46074,1577969999999,129.96,True,-41.74311926605476,,
1577970000,129.97,130.01,128.9,129.35,8547.00635,1577973599999,129.35,True,-68.42105263157916,,
1577973600,129.34,129.86,129.21,129.37,5538.92471,1577977199999,129.37,True,-65.65656565656514,,
1577977200,129.37,129.8,129.36,129.59,5352.62034,1577980799999,129.59,True,-43.396226415094105,,
1577980800,129.58,129.78,126.94,127.6,32996.89479,1577984399999,127.6,True,-80.23952095808396,,
1577984400,127.6,127.68,126.38,127.4,40429.91193,1577987999999,127.4,True,-73.84615384615363,,
1577988000,127.42,127.75,127.13,127.49,7360.65888,1577991599999,127.49,True,-71.53846153846159,,
1577991600,127.49,127.67,127.08,127.62,4747.08642,1577995199999,127.62,True,-68.20512820512802,-68.20512820512802,
1577995200,127.63,127.64,126.79,127.16,5796.42079,1577998799999,127.16,True,-80.0,-68.74125874125858,-68.20512820512802
1577998800,127.16,127.87,127.15,127.72,2225.95265,1578002399999,127.72,True,-65.6410256410256,-68.60033905488436,-68.74125874125858
1578002400,127.72,127.76,127.24,127.39,2654.51024,1578005999999,127.39,True,-74.102564102564,-68.85044019341525,-68.60033905488436
1578006000,127.39,127.48,126.91,127.19,2980.68108,1578009599999,127.19,True,-79.2307692307692,-69.3222733314768,-68.85044019341525
1578009600,127.19,127.6,126.82,127.07,7303.34389,1578013199999,127.07,True,-80.99173553719012,-69.85270343173649,-69.3222733314768
1578013200,127.07,127.17,125.88,126.04,12202.68649,1578016799999,126.04,True,-96.1259079903145,-71.04694000258095,-69.85270343173649
1578016800,126.04,127.08,125.9,126.92,14356.43191,1578020399999,126.92,True,-74.81840193704582,-71.21837009051117,-71.04694000258095
1578020400,126.94,127.11,126.65,126.89,6279.7682,1578023999999,126.89,True,-74.62311557788944,-71.37313124902838,-71.21837009051117
1578024000,126.89,130.15,126.83,129.3,47219.15382,1578027599999,129.3,True,-19.90632318501153,-69.03373088248215,-71.37313124902838
1578027600,129.23,129.97,128.76,129.21,13556.58641,1578031199999,129.21,True,-22.01405152224814,-66.89647272974425,-69.03373088248215
1578031200,129.24,129.35,128.76,129.17,9731.33188,1578034799999,129.17,True,-22.95081967213152,-64.8989430453073,-66.89647272974425
1578034800,129.18,129.53,128.72,128.86,16992.05519,1578038399999,128.86,True,-30.210772833723393,-63.322208035689854,-64.8989430453073
1578038400,128.86,133.26,128.8,132.15,74641.9522,1578041999999,132.15,True,-15.040650406503874,-61.12759177981776,-63.322208035689854
1578042000,132.2,132.87,131.71,132.35,26464.25904,1578045599999,132.35,True,-12.330623306233024,-58.90954775829119,-61.12759177981776
1578045600,132.36,132.72,131.58,132.04,10333.20316,1578049199999,132.04,True,-16.531165311653112,-56.98325764708037,-58.90954775829119
1578049200,132.03,132.63,131.92,132.46,6848.31903,1578052799999,132.46,True,-10.840108401083786,-54.885841772262346,-56.98325764708037
1578052800,132.49,132.83,131.85,132.23,13842.74842,1578056399999,132.23,True,-13.956639566395689,-53.0254234901775,-54.885841772262346
1578056400,132.23,133.95,132.23,133.54,14278.62513,1578059999999,133.54,True,-5.080545229244076,-50.846110841953255,-53.0254234901775
1578060000,133.51,133.85,130.93,131.68,22358.209,1578063599999,131.68,True,-28.128872366790382,-49.81350909308222,-50.846110841953255
1578063600,131.68,132.57,131.59,132.53,7514.12682,1578067199999,132.53,True,-17.639751552794912,-48.35106556852371,-49.81350909308222
1578067200,132.52,133.75,131.94,133.51,23716.09017,1578070799999,133.51,True,-6.027397260273956,-46.42726246360327,-48.35106556852371
1578070800,133.44,134.9,132.66,133.97,23183.54673,1578074399999,133.97,True,-11.524163568773309,-44.84075796838373,-46.42726246360327
1578074400,134.0,134.22,133.24,133.5,9525.09437,1578077999999,133.5,True,-22.653721682847962,-43.83225631904119,-44.84075796838373
1578078000,133.5,133.59,132.21,133.49,13761.61369,1578081599999,133.49,True,-22.815533980582444,-42.876950758202156,-43.83225631904119
1578081600,133.48,134.05,133.01,133.45,8673.15909,1578085199999,133.45,True,-23.462783171521284,-41.994488595171205,-42.876950758202156
1578085200,133.48,133.93,132.29,132.5,8141.62621,1578088799999,132.5,True,-39.344262295082096,-41.87402376334897,-41.994488595171205
1578088800,132.45,133.37,132.16,133.04,6493.87391,1578092399999,133.04,True,-46.85138539042857,-42.100267473670776,-41.87402376334897
1578092400,133.04,135.14,132.9,134.35,15637.38419,1578095999999,134.35,True,-18.764845605700614,-41.03956647967213,-42.100267473670776
1578096000,134.37,134.81,133.44,133.7,11609.95948,1578099599999,133.7,True,-34.20427553444192,-40.72887143670713,-41.03956647967213
1578099600,133.71,133.71,132.79,133.01,7514.41101,1578103199999,133.01,True,-50.593824228028645,-41.1772783817672,-40.72887143670713
1578103200,133.01,133.48,132.8,133.47,5970.26181,1578106799999,133.47,True,-39.66745843230393,-41.108650202246146,-41.1772783817672
1578106800,133.47,133.54,133.18,133.34,4705.93094,1578110399999,133.34,True,-42.75534441805206,-41.183499939328236,-41.108650202246146
1578110400,133.34,133.91,133.0,133.67,8118.69367,1578113999999,133.67,True,-41.40845070422552,-41.1937249740963,-41.183499939328236
1578114000,133.68,134.11,133.4,133.66,5335.12784,1578117599999,133.66,True,-46.249999999999844,-41.42355565709192,-41.1937249740963
1578117600,133.67,134.25,133.62,133.95,4892.57246,1578121199999,133.95,True,-39.932885906040326,-41.35579794113503,-41.42355565709192
1578121200,133.92,134.31,133.41,133.91,6023.01492,1578124799999,133.91,True,-41.2751677852347,-41.352132934048655,-41.35579794113503
1578124800,133.9,134.14,133.52,133.6,3244.59618,1578128399999,133.6,True,-51.6778523489932,-41.821483816546134,-41.352132934048655
1578128400,133.61,134.15,133.41,134.13,6704.48768,1578131999999,134.13,True,-33.89261744966424,-41.461080799869684,-41.821483816546134
1578132000,134.11,134.18,133.24,133.4,7592.59385,1578135599999,133.4,True,-58.38926174496599,-42.23054357010133,-41.461080799869684
1578135600,133.4,133.82,133.07,133.77,6376.83156,1578139199999,133.77,True,-45.973154362415464,-42.40066224247925,-42.23054357010133
1578139200,133.76,133.79,132.5,132.79,7795.94074,1578142799999,132.79,True,-89.01515151515176,-44.51950266396437,-42.40066224247925
1578142800,132.81,133.25,132.59,132.9,8563.05035,1578146399999,132.9,True,-82.68398268398245,-46.25425175578338,-44.51950266396437
1578146400,132.9,133.33,132.83,133.06,6020.55767,1578149999999,133.06,True,-69.0607734806629,-47.290911834187,-46.25425175578338
1578150000,133.06,133.66,132.94,133.26,6858.1761,1578153599999,133.26,True,-58.01104972375746,-47.77819082916748,-47.290911834187
1578153600,133.26,133.48,132.96,133.09,5885.12486,1578157199999,133.09,True,-67.40331491712692,-48.67024192407473,-47.77819082916748
1578157200,133.12,134.86,133.04,134.6,13659.98877,1578160799999,134.6,True,-11.016949152543129,-46.95872861627784,-48.67024192407473
1578160800,134.6,135.85,132.8,133.51,29686.80575,1578164399999,133.51,True,-69.85074626865693,-47.99927487320416,-46.95872861627784
1578164400,133.5,134.27,133.07,133.72,10640.63681,1578167999999,133.72,True,-63.58208955223878,-48.707584631342094,-47.99927487320416
1578168000,133.71,134.2,133.44,134.08,5274.03807,1578171599999,134.08,True,-52.835820895521934,-48.89523173425936,-48.707584631342094
1578171600,134.09,134.54,133.68,134.12,6182.56587,1578175199999,134.12,True,-51.6417910447759,-49.02007533928285,-48.89523173425936
1578175200,134.11,134.37,133.8,134.1,2829.43607,1578178799999,134.1,True,-52.23880597014934,-49.16638127704951,-49.02007533928285
1578178800,134.14,134.4,133.77,134.2,2791.36856,1578182399999,134.2,True,-49.25373134328384,-49.17035173460562,-49.16638127704951
1578182400,134.2,135.24,134.19,134.76,11892.25333,1578185999999,134.76,True,-32.53731343283598,-48.414304539070635,-49.17035173460562
1578186000,134.76,135.83,134.71,135.65,17758.63532,1578189599999,135.65,True,-5.970149253731014,-46.48502475337338,-48.414304539070635
1578189600,135.64,136.0,135.15,135.46,8724.85945,1578193199999,135.46,True,-15.835777126099488,-45.09187713395184,-46.48502475337338
1578193200,135.47,136.2,135.45,136.16,10456.05953,1578196799999,136.16,True,-1.176470588235068,-43.095722290964716,-45.09187713395184
1578196800,136.17,137.24,135.62,135.91,21424.0596,1578200399999,135.91,True,-29.95495495495525,-42.498414684782475,-43.095722290964716
1578200400,135.91,136.45,135.64,136.19,6916.99731,1578203999999,136.19,True,-23.648648648648916,-41.6416071376855,-42.498414684782475
1578204000,136.17,136.59,135.86,136.11,5316.16735,1578207599999,136.11,True,-25.45045045045036,-40.905645470083904,-41.6416071376855
1578207600,136.1,136.31,135.82,136.02,3628.84145,1578211199999,136.02,True,-27.477477477477468,-40.295274197692706,-40.905645470083904
1578211200,136.04,136.24,135.0,135.38,7865.26322,1578214799999,135.38,True,-44.604316546762746,-40.49113975901407,-40.295274197692706
1578214800,135.42,135.62,134.94,135.32,8754.17141,1578218399999,135.32,True,-50.526315789473955,-40.94728412403498,-40.49113975901407
1578218400,135.32,135.49,134.7,134.88,8272.3728,1578221999999,134.88,True,-66.29213483146101,-42.09932279255435,-40.94728412403498
1578222000,134.88,135.37,134.77,135.07,8530.27964,1578225599999,135.07,True,-62.536023054755525,-43.02826371356349,-42.09932279255435
1578225600,135.06,135.97,135.06,135.91,6019.08852,1578229199999,135.91,True,-38.32853025936637,-42.81463946564544,-43.02826371356349
1578229200,135.95,135.95,135.24,135.6,4724.5751,1578232799999,135.6,True,-53.77049180327897,-43.3126327537197,-42.81463946564544
1578232800,135.61,135.94,135.51,135.58,4658.82586,1578236399999,135.58,True,-65.35433070866075,-44.31452811530793,-43.3126327537197
1578236400,135.57,137.96,135.51,137.26,26839.73945,1578239999999,137.26,True,-21.472392638037206,-43.27624922997744,-44.31452811530793
1578240000,137.24,138.16,136.64,137.16,19498.64267,1578243599999,137.16,True,-28.901734104046177,-42.62286217879875,-43.27624922997744
1578243600,137.12,138.19,136.77,137.8,9651.65614,1578247199999,137.8,True,-11.174785100286114,-41.193404129775445,-42.62286217879875
1578247200,137.8,138.04,136.89,137.79,10517.28965,1578250799999,137.79,True,-11.461318051576065,-39.841945671675475,-41.193404129775445
1578250800,137.8,138.0,137.36,137.97,5636.7562,1578254399999,137.97,True,-6.303724928366713,-38.31748109243417,-39.841945671675475
1578254400,137.97,138.06,137.45,137.85,4709.67526,1578257999999,137.85,True,-9.742120343839614,-37.01860105840715,-38.31748109243417
1578258000,137.85,137.86,135.0,135.37,22064.65358,1578261599999,135.37,True,-80.80229226360991,-39.008768840461826,-37.01860105840715
1578261600,135.37,135.94,134.33,135.04,10623.54302,1578265199999,135.04,True,-81.60621761658076,-40.9450165121036,-39.008768840461826
1578265200,135.03,135.48,134.21,135.37,9636.04757,1578268799999,135.37,True,-70.85427135678393,-42.304528095952705,-40.9450165121036
1578268800,135.37,135.74,134.86,135.65,5948.6197,1578272399999,135.65,True,-63.819095477386895,-43.28246297692699,-42.304528095952705
1578272400,135.69,137.58,135.39,137.22,13306.26406,1578275999999,137.22,True,-24.371859296482445,-42.422890082361334,-43.28246297692699
1578276000,137.21,139.53,137.17,139.15,39940.77815,1578279599999,139.15,True,-7.142857142857067,-40.81925222147478,-42.422890082361334
1578279600,139.13,139.67,138.27,139.49,22249.59753,1578283199999,139.49,True,-3.2967032967029133,-39.11368181580333,-40.81925222147478
1578283200,139.49,140.0,139.07,139.42,12831.63843,1578286799999,139.42,True,-10.01727115716776,-37.79111769495626,-39.11368181580333
1578286800,139.4,139.6,138.54,139.16,6570.29396,1578290399999,139.16,True,-14.507772020725467,-36.73278380067305,-37.79111769495626
1578290400,139.16,139.29,138.83,138.9,5477.49784,1578293999999,138.9,True,-18.998272884283175,-35.926669668109874,-36.73278380067305
1578294000,138.93,139.16,138.78,138.87,7014.90545,1578297599999,138.87,True,-19.5164075993091,-35.180748664982566,-35.926669668109874
1578297600,138.87,140.86,138.81,140.65,22173.50521,1578301199999,140.65,True,-3.157894736842222,-33.725164395521645,-35.180748664982566
1578301200,140.54,140.86,139.75,140.83,15646.11827,1578304799999,140.83,True,-0.45112781954888886,-32.212708187522885,-33.725164395521645
1578304800,140.84,142.56,140.58,141.97,24296.74144,1578308399999,141.97,True,-7.065868263473099,-31.06967000915699,-32.212708187522885
1578308400,141.98,143.06,140.84,141.54,24949.02496,1578311999999,141.54,True,-17.17514124293798,-30.4381005197834,-31.06967000915699
1578312000,141.54,142.67,141.44,142.3,16279.87263,1578315599999,142.3,True,-8.58757062146883,-29.44489461531456,-30.4381005197834
1578315600,142.3,143.22,139.08,140.24,44834.70568,1578319199999,140.24,True,-35.64593301435401,-29.72675999708908,-29.44489461531456
1578319200,140.23,141.53,139.65,141.11,25738.22786,1578322799999,141.11,True,-26.94763729246465,-29.60043623778797,-29.72675999708908
1578322800,141.11,141.44,140.1,140.2,15072.65783,1578326399999,140.2,True,-49.9173553719009,-30.52393256206583,-29.60043623778797
1578326400,140.19,141.42,140.0,140.68,13978.12653,1578329999999,140.68,True,-51.31313131313127,-31.468896141659716,-30.52393256206583
1578330000,140.67,141.85,140.54,141.81,10471.59008,1578333599999,141.81,True,-30.12820512820501,-31.40795564104814,-31.468896141659716
1578333600,141.81,141.86,140.68,141.09,6346.02409,1578337199999,141.09,True,-45.51282051282035,-32.04908586249233,-31.40795564104814
1578337200,141.06,141.6,140.86,141.35,4744.31111,1578340799999,141.35,True,-42.11711711711724,-32.50672364679347,-32.04908586249233
1578340800,141.35,142.45,141.26,142.17,7905.69914,1578344399999,142.17,True,-23.648648648648916,-32.10408387415053,-32.50672364679347
1578344400,142.17,142.56,141.51,141.67,9432.1885,1578347999999,141.67,True,-35.14739229024972,-32.242416074882314,-32.10408387415053
1578348000,141.69,143.65,141.51,143.05,24253.04579,1578351599999,143.05,True,-13.129102844638846,-31.373629109871246,-32.242416074882314
1578351600,143.05,144.41,142.52,144.15,28558.83951,1578355199999,144.15,True,-4.8780487804876485,-30.169284549444722,-31.373629109871246
1578355200,144.14,145.31,143.16,143.77,47783.52094,1578358799999,143.77,True,-24.71910112359542,-29.921548939178845,-30.169284549444722
1578358800,143.76,144.16,143.36,143.83,14921.4287,1578362399999,143.83,True,-23.756019261637114,-29.641297590199674,-29.921548939178845
1578362400,143.85,144.88,143.82,143.98,14591.56948,1578365999999,143.98,True,-21.34831460674181,-29.26434381822432,-29.641297590199674
1578366000,143.97,144.41,143.48,143.5,7255.17955,1578369599999,143.5,True,-31.9787985865725,-29.38772812587651,-29.26434381822432
1578369600,143.5,143.62,142.15,142.49,15652.73032,1578373199999,142.49,True,-53.10734463276821,-30.465892512553406,-29.38772812587651
1578373200,142.48,143.12,142.18,142.97,9474.7473,1578376799999,142.97,True,-44.06779661016954,-31.084160880626868,-30.465892512553406
1578376800,142.99,143.13,142.53,142.85,6027.03116,1578380399999,142.85,True,-51.572327044025215,-32.01544116078134,-31.084160880626868
1578380400,142.83,143.1,142.38,142.87,11829.13837,1578383999999,142.87,True,-52.69978401727862,-32.9556385633494,-32.01544116078134
1578384000,142.87,143.38,142.81,143.16,12507.15166,1578387599999,143.16,True,-48.314606741573286,-33.653773480541396,-32.9556385633494
1578387600,143.17,143.47,142.5,142.55,10159.06999,1578391199999,142.55,True,-68.14814814814773,-35.22169960179623,-33.653773480541396
1578391200,142.57,142.93,142.45,142.88,6861.21609,1578394799999,142.88,True,-63.94736842105262,-36.52741182085334,-35.22169960179623
1578394800,142.9,143.78,142.6,142.62,16297.3909,1578398399999,142.62,True,-70.78947368421025,-38.084778269187744,-36.52741182085334
1578398400,142.62,142.66,140.72,141.13,32223.76934,1578401999999,141.13,True,-91.06753812636174,-40.49308553542293,-38.084778269187744
1578402000,141.12,141.27,140.11,140.93,18342.12088,1578405599999,140.93,True,-84.23076923076933,-42.48116206702959,-40.49308553542293
1578405600,140.93,141.34,140.51,140.8,9773.35414,1578409199999,140.8,True,-85.53459119496854,-44.438136118299546,-42.48116206702959
1578409200,140.77,140.82,139.0,139.48,25384.66659,1578412799999,139.48,True,-91.83673469387772,-46.59261787173492,-44.438136118299546
1578412800,139.48,141.9,138.76,141.38,35147.7938,1578416399999,141.38,True,-53.62831858407076,-46.912422449568375,-46.59261787173492
1578416400,141.35,142.93,141.08,142.72,21092.57919,1578419999999,142.72,True,-21.11553784860558,-45.73983678588825,-46.912422449568375
1578420000,142.7,143.5,142.39,142.43,28405.61455,1578423599999,142.43,True,-26.892430278884294,-44.88313649011534,-45.73983678588825
1578423600,142.44,144.3,142.39,143.19,35815.9373,1578427199999,143.19,True,-20.036101083032662,-43.7537257897934,-44.88313649011534
1578427200,143.19,144.77,142.97,144.76,20430.28442,1578430799999,144.76,True,-0.16638935108185182,-41.77248322439742,-43.7537257897934
1578430800,144.73,145.0,141.99,142.46,20839.91095,1578434399999,142.46,True,-40.70512820512802,-41.7239670871579,-41.77248322439742
1578434400,142.46,143.01,141.31,142.19,15259.41746,1578437999999,142.19,True,-45.032051282051256,-41.874334550562146,-41.7239670871579
1578438000,142.19,143.9,142.19,142.8,11686.54973,1578441599999,142.8,True,-35.25641025641002,-41.57351980991887,-41.874334550562146
1578441600,142.8,147.77,142.71,147.55,58326.91123,1578445199999,147.55,True,-2.441731409544932,-39.79480215535642,-41.57351980991887
1578445200,147.47,147.77,145.31,145.61,48623.69194,1578448799999,145.61,True,-23.973362930077602,-39.075645826934654,-39.79480215535642
1578448800,145.65,146.42,144.13,144.54,28638.99587,1578452399999,144.54,True,-35.84905660377371,-38.928982680427346,-39.075645826934654
1578452400,144.53,145.12,143.68,144.48,23570.19788,1578455999999,144.48,True,-36.51498335183145,-38.81925543821844,-38.928982680427346
1578456000,144.54,145.22,144.54,145.03,15804.67588,1578459599999,145.03,True,-30.41065482796896,-38.43704631957074,-38.81925543821844
1578459600,145.01,145.25,144.55,144.8,10608.28447,1578463199999,144.8,True,-32.96337402885674,-38.1882430336292,-38.43704631957074
1578463200,144.8,145.21,144.6,145.11,13022.09262,1578466799999,145.11,True,-39.76083707025407,-38.25972458074851,-38.1882430336292
1578466800,145.12,145.18,142.68,143.56,24417.21834,1578470399999,143.56,True,-65.17027863777093,-39.48293158334044,-38.25972458074851
1578470400,143.53,144.05,142.97,143.87,14045.60087,1578473999999,143.87,True,-60.37151702786379,-40.43241273990968,-39.48293158334044
1578474000,143.87,144.03,143.0,143.31,10140.50381,1578477599999,143.31,True,-69.04024767801862,-41.73276887346009,-40.43241273990968
1578477600,143.31,144.5,143.04,143.89,9271.76146,1578481199999,143.89,True,-60.06191950464426,-42.565912083968456,-41.73276887346009
1578481200,143.9,144.43,143.43,143.5,7838.99329,1578484799999,143.5,True,-66.09907120743041,-43.63560113503491,-42.565912083968456
1578484800,143.52,143.69,142.11,142.36,16368.85049,1578488399999,142.36,True,-95.58303886925795,-45.99684830477232,-43.63560113503491
1578488400,142.4,143.48,140.51,143.06,40422.56992,1578491999999,143.06,True,-64.87603305785117,-46.85499306627591,-45.99684830477232
1578492000,143.05,143.07,140.87,142.05,25671.61713,1578495599999,142.05,True,-78.78787878787857,-48.306487871803306,-46.85499306627591
1578495600,142.06,142.35,140.39,141.42,25690.24678,1578499199999,141.42,True,-82.91873963515754,-49.879772042864865,-48.306487871803306
1578499200,141.42,141.91,138.0,138.81,69385.91348,1578502799999,138.81,True,-88.82758620689653,-51.650127232139035,-49.879772042864865
1578502800,138.85,139.41,137.71,138.78,32496.93266,1578506399999,138.78,True,-85.80901856763933,-53.202804111025415,-51.650127232139035
1578506400,138.78,140.0,138.54,139.36,14386.36768,1578509999999,139.36,True,-78.11671087533146,-54.335254418493875,-53.202804111025415
1578510000,139.39,139.71,137.84,137.84,19112.05962,1578513599999,137.84,True,-98.26666666666672,-56.332136793410825,-54.335254418493875
1578513600,137.89,139.56,137.03,139.14,31660.10154,1578517199999,139.14,True,-74.11042944785297,-57.14024100497638,-56.332136793410825
1578517200,139.14,139.74,138.56,139.18,11158.10655,1578520799999,139.18,True,-71.21820615796511,-57.78014851193042,-57.14024100497638
1578520800,139.19,140.59,138.6,140.48,8530.37446,1578524399999,140.48,True,-53.81526104417685,-57.59992635430526,-57.78014851193042
1578524400,140.45,141.5,140.02,140.72,11273.50967,1578527999999,140.72,True,-50.60240963855424,-57.28185741268022,-57.59992635430526
1578528000,140.76,140.79,139.5,139.89,16280.92833,1578531599999,139.89,True,-61.35135135135158,-57.46683440989255,-57.28185741268022
1578531600,139.91,141.5,139.68,140.97,12232.6795,1578535199999,140.97,True,-40.84084084084085,-56.71110742948111,-57.46683440989255
1578535200,140.96,141.1,140.28,140.4,7718.66884,1578538799999,140.4,True,-47.75193798449596,-56.30387245470906,-56.71110742948111
1578538800,140.4,140.41,139.43,139.94,11812.87134,1578542399999,139.94,True,-51.82119205298012,-56.10011425463047,-56.30387245470906
1578542400,139.96,140.39,139.57,139.98,8503.78508,1578545999999,139.98,True,-44.54887218045127,-55.57505779671323,-56.10011425463047
1578546000,139.95,139.97,138.69,139.16,12333.27252,1578549599999,139.16,True,-56.352459016393496,-55.61039421578961,-55.57505779671323
1578549600,139.17,139.77,138.72,139.41,12148.23288,1578553199999,139.41,True,-46.75615212527973,-55.20792866622098,-55.61039421578961
1578553200,139.4,140.23,139.23,139.93,13077.66682,1578556799999,139.93,True,-35.1230425055927,-54.294979295283326,-55.20792866622098
1578556800,139.91,140.06,139.03,139.35,8794.50181,1578560399999,139.35,True,-48.09843400447441,-54.013318145701106,-54.294979295283326
1578560400,139.34,139.35,137.99,138.28,22684.45365,1578563999999,138.28,True,-72.03579418344518,-54.832521601962206,-54.013318145701106
1578564000,138.27,139.15,137.68,138.89,14200.3102,1578567599999,138.89,True,-68.32460732984342,-55.44579822595681,-54.832521601962206
1578567600,138.87,138.88,137.75,138.24,10152.71299,1578571199999,138.24,True,-85.34031413612557,-56.80463985823721,-55.44579822595681
1578571200,138.24,138.62,137.93,138.46,8019.8767,1578574799999,138.46,True,-79.58115183246066,-57.83993585706555,-56.80463985823721
1578574800,138.46,138.93,138.2,138.24,11684.54092,1578578399999,138.24,True,-85.34031413612557,-59.08995305156828,-57.83993585706555
1578578400,138.26,138.66,137.75,137.81,10756.65226,1578581999999,137.81,True,-96.59685863874357,-60.79481239643988,-59.08995305156828
1578582000,137.81,138.66,137.79,138.2,7752.26675,1578585599999,138.2,True,-84.79532163742738,-61.88574463466659,-60.79481239643988
1578585600,138.19,138.49,135.3,135.92,35923.30995,1578589199999,135.92,True,-87.86692759295542,-63.06670749640699,-61.88574463466659
1578589200,135.91,136.42,135.6,136.04,19806.3287,1578592799999,136.04,True,-85.46168958742663,-64.08466122781698,-63.06670749640699
1578592800,136.04,136.32,135.66,135.93,9925.73244,1578596399999,135.93,True,-87.22109533468563,-65.13631732358374,-64.08466122781698
1578596400,135.92,138.06,135.86,137.54,20574.38421,1578599999999,137.54,True,-54.563894523326766,-64.65575265084479,-65.13631732358374
1578600000,137.52,139.33,137.31,137.75,46642.30602,1578603599999,137.75,True,-50.30425963488845,-64.00341205921042,-64.65575265084479
1578603600,137.73,137.89,136.63,136.99,17218.50048,1578607199999,136.99,True,-64.4957983193277,-64.02579325285211,-64.00341205921042
1578607200,136.99,138.06,136.8,137.63,10167.28397,1578610799999,137.63,True,-42.46913580246929,-63.04594518692562,-64.02579325285211
1578610800,137.63,138.47,136.06,137.74,17664.79933,1578614399999,137.74,True,-39.454094292804044,-61.97358832810192,-63.04594518692562
1578614400,137.73,137.98,137.05,137.16,9709.52399,1578617999999,137.16,True,-53.84615384615422,-61.604159488013394,-61.97358832810192
1578618000,137.17,137.42,136.72,136.9,5651.20419,1578621599999,136.9,True,-60.297766749379804,-61.54477799989369,-61.604159488013394
1578621600,136.91,137.18,136.42,136.54,7727.91107,1578625199999,136.54,True,-69.23076923076972,-61.89414123766078,-61.54477799989369
1578625200,136.55,136.98,136.32,136.98,8204.96574,1578628799999,136.98,True,-58.31265508684918,-61.73134641262389,-61.89414123766078
1578628800,136.99,137.14,136.02,136.4,8244.33068,1578632399999,136.4,True,-72.70471464019866,-62.23013587751366,-61.73134641262389
1578632400,136.37,136.47,135.32,135.78,11173.77625,1578635999999,135.78,True,-88.08933002481416,-63.405553793300044,-62.23013587751366
1578636000,135.81,136.73,135.69,136.62,13302.71655,1578639599999,136.62,True,-67.58104738154601,-63.59534895640214,-63.405553793300044
1578639600,136.6,136.68,136.17,136.63,6676.59405,1578643199999,136.63,True,-67.33167082294274,-63.76518176851763,-63.59534895640214
1578643200,136.62,136.64,135.49,136.06,10714.91578,1578646799999,136.06,True,-81.5461346633415,-64.57340690010054,-63.76518176851763
1578646800,136.06,136.4,135.79,136.02,11143.16559,1578650399999,136.02,True,-82.54364089775527,-65.39023571817576,-64.57340690010054
1578650400,136.04,136.82,135.34,136.82,16882.53094,1578653999999,136.82,True,-52.380952380952465,-64.79890465739288,-65.39023571817576
1578654000,136.82,139.03,136.77,138.43,31743.20849,1578657599999,138.43,True,-16.172506738544286,-62.58861384289976,-64.79890465739288
1578657600,138.42,139.88,138.05,139.86,18913.1174,1578661199999,139.86,True,-0.4385964912276711,-59.763613054187395,-62.58861384289976
1578661200,139.83,139.95,138.7,138.78,16366.80382,1578664799999,138.78,True,-25.269978401727617,-58.19572056998468,-59.763613054187395
1578664800,138.76,140.29,138.65,140.22,22059.08327,1578668399999,140.22,True,-1.4084507042252152,-55.61448103063198,-58.19572056998468
1578668400,140.24,143.0,139.84,142.51,42427.16682,1578671999999,142.51,True,-6.380208333333446,-53.37655954439114,-55.61448103063198
1578672000,142.53,143.62,140.75,141.1,43218.1093,1578675599999,141.1,True,-30.361445783132613,-52.33041800978849,-53.37655954439114
1578675600,141.1,142.04,140.62,141.99,17667.36001,1578679199999,141.99,True,-19.638554216867387,-50.84442420101935,-52.33041800978849
1578679200,141.98,145.17,141.98,142.64,44568.43173,1578682799999,142.64,True,-25.685279187817287,-49.700826700419256,-50.84442420101935
1578682800,142.64,144.7,142.4,143.42,22752.04714,1578686399999,143.42,True,-17.802644964394737,-48.250909348781775,-49.700826700419256
1578686400,143.42,144.04,143.06,143.21,10825.80028,1578689999999,143.21,True,-19.9389623601219,-46.96400266747906,-48.250909348781775
1578690000,143.19,143.9,142.64,142.88,10474.4309,1578693599999,142.88,True,-23.29603255340789,-45.888185844112186,-46.96400266747906
1578693600,142.89,143.1,141.6,142.88,6732.22459,1578697199999,142.88,True,-23.29603255340789,-44.86126978544381,-45.888185844112186
1578697200,142.92,145.0,142.63,144.84,12224.17649,1578700799999,144.84,True,-3.357070193285703,-42.97471525852753,-44.86126978544381
1578700800,144.83,144.9,143.24,143.55,14813.47494,1578704399999,143.55,True,-19.285714285714054,-41.89794248703601,-42.97471525852753
1578704400,143.56,145.33,143.51,144.14,23913.63931,1578707999999,144.14,True,-16.346153846154202,-40.736497548814114,-41.89794248703601
1578708000,144.15,144.5,143.32,143.85,12184.59213,1578711599999,143.85,True,-22.15568862275474,-39.89191532490233,-40.736497548814114
1578711600,143.84,143.87,142.8,143.47,9694.13301,1578715199999,143.47,True,-27.844311377245685,-39.34429696364521,-39.89191532490233
1578715200,143.47,144.05,142.82,143.2,6921.80782,1578718799999,143.2,True,-38.797814207650646,-39.31945683837273,-39.34429696364521
1578718800,143.2,143.2,142.2,142.89,8562.37493,1578722399999,142.89,True,-51.804670912951636,-39.88696656903541,-39.31945683837273
1578722400,142.9,143.6,142.09,142.89,10331.48125,1578725999999,142.89,True,-51.804670912951636,-40.42868040284978,-39.88696656903541
1578726000,142.88,143.8,142.76,142.93,14563.75914,1578729599999,142.93,True,-64.34316353887384,-41.51570236357814,-40.42868040284978
1578729600,142.93,143.39,142.53,142.75,9212.42225,1578733199999,142.75,True,-69.16890080428954,-42.77266592906502,-41.51570236357814
1578733200,142.75,144.0,142.69,143.79,13258.51535,1578736799999,143.79,True,-41.28686327077783,-42.70512944459742,-42.77266592906502
1578736800,143.77,143.79,142.75,142.89,13706.11088,1578740399999,142.89,True,-65.41554959785562,-43.73742126974552,-42.70512944459742
1578740400,142.9,143.33,142.36,142.63,11748.76348,1578743999999,142.63,True,-72.38605898123335,-45.03963207481315,-43.73742126974552
1578744000,142.63,142.94,142.1,142.71,5180.67862,1578747599999,142.71,True,-80.86419753086412,-46.66802141372456,-45.03963207481315
1578747600,142.71,143.69,142.5,143.55,8592.37093,1578751199999,143.55,True,-54.93827160493815,-47.04394187696155,-46.66802141372456
1578751200,143.55,143.72,142.53,142.54,11918.92787,1578754799999,142.54,True,-86.1111111111115,-48.81972229669564,-47.04394187696155
1578754800,142.58,143.62,142.36,143.41,10307.37428,1578758399999,143.41,True,-45.228215767635064,-48.65647199992016,-48.81972229669564
1578758400,143.41,146.8,142.6,146.34,42796.01436,1578761999999,146.34,True,-9.766454352441766,-46.888743925034774,-48.65647199992016
1578762000,146.4,148.05,145.78,146.53,32709.00396,1578765599999,146.53,True,-25.503355704698123,-45.91668082411038,-46.888743925034774
1578765600,146.53,147.11,145.8,146.64,12923.1563,1578769199999,146.64,True,-23.657718120805757,-44.90490979214199,-45.91668082411038
1578769200,146.66,147.11,145.84,146.29,8259.9564,1578772799999,146.29,True,-29.530201342282165,-44.206059408057456,-44.90490979214199
1578772800,146.27,147.09,145.19,145.89,11781.52643,1578776399999,145.89,True,-36.30252100840368,-43.84680766261865,-44.206059408057456
1578776400,145.87,147.65,143.0,143.86,30934.79995,1578779999999,143.86,True,-70.42016806722665,-45.05468768100993,-43.84680766261865
1578780000,143.79,144.23,142.23,143.36,20039.09933,1578783599999,143.36,True,-78.82352941176444,-46.58963503240786,-45.05468768100993
1578783600,143.36,143.4,142.31,142.38,23996.59647,1578787199999,142.38,True,-95.29411764705881,-48.80347515125563,-46.58963503240786
1578787200,142.4,143.65,141.76,143.23,19069.1292,1578790799999,143.23,True,-76.6295707472179,-50.068297678344834,-48.80347515125563
1578790800,143.22,143.95,142.88,143.28,14120.21344,1578794399999,143.28,True,-75.83465818759927,-51.239495883310944,-50.068297678344834
1578794400,143.28,144.5,143.03,144.1,11492.30955,1578797999999,144.1,True,-62.79809220985698,-51.764886625426676,-51.239495883310944
1578798000,144.1,144.46,143.51,143.93,6139.199,1578801599999,143.93,True,-65.50079491255947,-52.38924609302363,-51.764886625426676
1578801600,143.97,144.21,143.36,143.59,4608.37486,1578805199999,143.59,True,-70.90620031796492,-53.23092583052096,-52.38924609302363
1578805200,143.59,144.15,143.48,144.1,5655.03547,1578808799999,144.1,True,-62.79809220985698,-53.66579702958169,-53.23092583052096
1578808800,144.1,145.88,144.1,144.26,23757.78825,1578812399999,144.26,True,-60.25437201907803,-53.965277710922436,-53.66579702958169
1578812400,144.25,144.92,144.24,144.54,8205.55258,1578815999999,144.54,True,-52.80135823429551,-53.912372280166664,-53.965277710922436
1578816000,144.55,145.4,144.5,144.83,9116.08466,1578819599999,144.83,True,-47.87775891341233,-53.638071672586925,-53.912372280166664
1578819600,144.86,145.07,144.12,144.41,6748.69594,1578823199999,144.41,True,-55.00848896434636,-53.700363367666895,-53.638071672586925
1578823200,144.39,144.43,143.2,143.55,11627.31016,1578826799999,143.55,True,-69.60950764006765,-54.42350628913966,-53.700363367666895
1578826800,143.51,143.8,143.3,143.48,6078.44462,1578830399999,143.48,True,-58.25242718446609,-54.597548148018134,-54.42350628913966
1578830400,143.48,144.21,143.36,143.67,8950.86017,1578833999999,143.67,True,-53.64077669902926,-54.55405853670046,-54.597548148018134
1578834000,143.7,145.28,143.33,145.17,11179.11562,1578837599999,145.17,True,-17.233009708738038,-52.857647226338536,-54.55405853670046
1578837600,145.13,145.4,143.68,144.2,11165.36221,1578841199999,144.2,True,-56.00000000000023,-53.00048144332316,-52.857647226338536
1578841200,144.19,145.17,144.11,144.92,8180.47686,1578844799999,144.92,True,-33.684210526316136,-52.12246912891375,-53.00048144332316
1578844800,144.93,145.55,143.8,143.95,15130.99407,1578848399999,143.95,True,-72.0149253731344,-53.02667168546924,-52.12246912891375
1578848400,143.95,145.61,143.57,144.18,15711.82027,1578851999999,144.18,True,-63.43283582089494,-53.49967914617041,-53.02667168546924
1578852000,144.24,144.76,144.2,144.63,7171.97563,1578855599999,144.63,True,-46.641791044776,-53.18795695974339,-53.49967914617041
1578855600,144.64,145.0,144.28,144.46,4485.31931,1578859199999,144.46,True,-52.98507462686507,-53.17873503552165,-53.18795695974339
1578859200,144.46,144.93,144.39,144.74,4168.0006,1578862799999,144.74,True,-36.09958506224048,-52.40241003673614,-53.17873503552165
1578862800,144.74,144.84,144.31,144.43,2034.80402,1578866399999,144.43,True,-48.96265560165953,-52.24605756241448,-52.40241003673614
1578866400,144.4,145.49,144.37,145.43,4389.65053,1578869999999,145.43,True,-7.468879668049998,-50.21073129448882,-52.24605756241448
1578870000,145.44,146.6,144.72,146.54,10355.34435,1578873599999,146.54,True,-1.764705882353005,-48.00863923030084,-50.21073129448882
1578873600,146.56,147.0,144.69,144.99,15627.41136,1578877199999,144.99,True,-54.324324324324245,-48.29571582548372,-48.00863923030084
1578877200,145.01,145.44,144.9,145.31,7643.31669,1578880799999,145.31,True,-46.04904632152598,-48.19359448439474,-48.29571582548372
1578880800,145.31,145.52,142.57,142.92,20305.44113,1578884399999,142.92,True,-92.09932279909721,-50.18930940779031,-48.19359448439474
1578884400,142.95,143.88,142.59,143.38,11996.84568,1578887999999,143.38,True,-81.71557562076747,-51.62232150838018,-50.18930940779031
1578888000,143.39,144.03,143.04,143.85,5803.70533,1578891599999,143.85,True,-71.10609480812643,-52.50794756745956,-51.62232150838018
1578891600,143.85,143.89,143.08,143.4,5109.85033,1578895199999,143.4,True,-81.26410835214422,-53.81504578494523,-52.50794756745956
1578895200,143.4,143.73,142.27,142.42,10192.68534,1578898799999,142.42,True,-96.8287526427066,-55.77021427847984,-53.81504578494523
1578898800,142.46,143.23,142.3,142.87,8216.14182,1578902399999,142.87,True,-87.31501057082461,-57.204068655404605,-55.77021427847984
1578902400,142.88,143.64,142.54,143.62,8884.36442,1578905999999,143.62,True,-71.45877378435524,-57.85200979762964,-57.204068655404605
1578906000,143.57,143.61,142.91,143.31,9593.21339,1578909599999,143.31,True,-78.0126849894293,-58.768404124529624,-57.85200979762964
1578909600,143.28,144.44,143.0,143.97,14370.83589,1578913199999,143.97,True,-64.05919661733631,-59.00889469238447,-58.768404124529624
1578913200,144.01,144.13,142.77,142.77,8257.92672,1578916799999,142.77,True,-89.42917547568707,-60.39163472798914,-59.00889469238447
1578916800,142.76,143.3,142.61,143.16,10783.61538,1578920399999,143.16,True,-81.1839323467233,-61.336739165204335,-60.39163472798914
1578920400,143.16,143.74,142.82,142.93,9374.28904,1578923999999,142.93,True,-86.04651162790702,-62.459910640781736,-61.336739165204335
1578924000,142.93,143.15,142.6,142.91,5448.71405,1578927599999,142.91,True,-80.30769230769273,-63.271173443823145,-62.459910640781736
1578927600,142.91,143.19,142.77,142.83,4411.01545,1578931199999,142.83,True,-82.7692307692307,-64.15744877679622,-63.271173443823145
1578931200,142.83,143.5,142.55,143.45,7267.69425,1578934799999,143.45,True,-45.62211981566888,-63.31493382401771,-64.15744877679622
1578934800,143.45,143.95,143.01,143.06,8893.64599,1578938399999,143.06,True,-63.5944700460831,-63.327640015929774,-63.31493382401771
1578938400,143.05,143.36,142.91,143.34,3868.99537,1578941999999,143.34,True,-50.69124423963137,-62.75325838973439,-63.327640015929774
1578942000,143.35,143.67,143.08,143.5,3686.44823,1578945599999,143.5,True,-43.31797235023056,-61.86983629702968,-62.75325838973439
1578945600,143.5,144.43,143.42,144.42,8898.57732,1578949199999,144.42,True,-0.9345794392528205,-59.100051894403464,-61.86983629702968
1578949200,144.43,144.66,143.81,144.26,8089.20268,1578952799999,144.26,True,-18.867924528302115,-57.27131883230795,-59.100051894403464
1578952800,144.27,144.36,143.84,143.87,3844.20229,1578956399999,143.87,True,-37.44075829383875,-56.36992971692299,-57.27131883230795
1578956400,143.87,144.24,143.5,143.58,7428.4805,1578959999999,143.58,True,-51.18483412322235,-56.13424355357296,-56.36992971692299
1578960000,143.58,145.8,143.51,145.36,27548.23233,1578963599999,145.36,True,-13.538461538461469,-54.19807164379517,-56.13424355357296
1578963600,145.37,148.45,145.31,147.34,64133.38542,1578967199999,147.34,True,-18.813559322033722,-52.58968472007874,-54.19807164379517
1578967200,147.4,147.52,146.45,147.2,21910.60418,1578970799999,147.2,True,-21.186440677966182,-51.162264536346356,-52.58968472007874
1578970800,147.19,149.34,146.81,148.94,37682.60131,1578974399999,148.94,True,-5.891016200294642,-49.104480521071274,-51.162264536346356
1578974400,148.94,150.74,148.91,149.12,50679.8315,1578977999999,149.12,True,-19.78021978021984,-47.7715595783053,-49.104480521071274
1578978000,149.1,149.34,148.07,148.44,17645.97742,1578981599999,148.44,True,-28.08302808302823,-46.87662632851998,-47.7715595783053
1578981600,148.42,149.11,148.0,148.96,16559.77698,1578985199999,148.96,True,-22.733077905491676,-45.779192309291425,-46.87662632851998
1578985200,148.95,149.6,148.66,149.0,9687.96419,1578988799999,149.0,True,-22.222222222222303,-44.70842094169737,-45.779192309291425
1578988800,149.0,149.58,148.93,149.31,14127.17427,1578992399999,149.31,True,-18.668407310705057,-43.52478395847045,-44.70842094169737
1578992400,149.31,151.75,149.31,149.84,34312.1031,1578995999999,149.84,True,-22.92917166866739,-42.5886197634794,-43.52478395847045
1578996000,149.84,150.6,149.44,150.48,17378.08578,1578999599999,150.48,True,-15.393939393939519,-41.35249792850031,-42.5886197634794
1578999600,150.48,151.62,150.2,151.56,16971.43301,1579003199999,151.56,True,-2.3030303030302757,-39.57752212734259,-41.35249792850031
1579003200,151.56,153.33,150.75,151.09,67875.38427,1579006799999,151.09,True,-22.787385554425292,-38.8143341013009,-39.57752212734259
1579006800,151.09,154.18,151.04,154.08,32047.5706,1579010399999,154.08,True,-0.9372071227740784,-37.09264651136786,-38.8143341013009
1579010400,154.08,157.56,153.1,155.87,86752.58325,1579013999999,155.87,True,-13.79591836734692,-36.03370432300327,-37.09264651136786
1579014000,155.86,157.69,153.84,156.04,61404.3563,1579017599999,156.04,True,-14.679715302491141,-35.063068458434536,-36.03370432300327
1579017600,155.89,159.3,153.09,159.2,88062.68537,1579021199999,159.2,True,-0.8006405124101094,-33.505685369978885,-35.063068458434536
1579021200,159.2,165.86,158.4,163.91,128174.63133,1579024799999,163.91,True,-10.918253079507366,-32.47898390223018,-33.505685369978885
1579024800,163.93,171.7,162.03,165.61,146691.05934,1579028399999,165.61,True,-25.696202531645476,-32.1706756581127,-32.47898390223018
1579028400,165.61,166.5,162.24,165.42,47033.69122,1579031999999,165.42,True,-26.49789029535867,-31.912821777987517,-32.1706756581127
1579032000,165.42,165.54,162.99,163.49,31157.93151,1579035599999,163.49,True,-35.63368055555548,-32.081951722422424,-31.912821777987517
1579035600,163.47,165.15,160.31,163.99,38178.3657,1579039199999,163.99,True,-33.86034255599467,-32.16278766940298,-32.081951722422424
1579039200,164.0,166.27,163.74,163.84,19327.59266,1579042799999,163.84,True,-35.104957570343856,-32.296522664900294,-32.16278766940298
1579042800,163.84,168.0,163.74,165.64,33133.29082,1579046399999,165.64,True,-27.223719676549887,-32.06594071088437,-32.296522664900294
1579046400,165.6,171.98,163.16,169.27,106509.35241,1579049999999,169.27,True,-12.442607897153257,-31.173971037532954,-32.06594071088437
1579050000,169.12,169.98,165.88,167.26,53783.40724,1579053599999,167.26,True,-22.23268959020255,-30.767549153563394,-31.173971037532954
1579053600,167.27,168.04,166.7,166.96,25378.49195,1579057199999,166.96,True,-23.973256924546238,-30.458717688608072,-30.767549153563394
1579057200,166.96,167.06,162.64,162.64,39131.07454,1579060799999,162.64,True,-49.44415034409746,-31.32169190022123,-30.458717688608072
1579060800,162.63,163.44,160.27,160.55,46840.68615,1579064399999,160.55,True,-60.508205399682296,-32.64835160474219,-31.32169190022123
1579064400,160.48,161.66,159.2,160.94,34912.3805,1579067999999,160.94,True,-58.44362096347273,-33.82086384832085,-32.64835160474219
1579068000,160.94,163.8,160.84,163.17,19247.61482,1579071599999,163.17,True,-64.87481590574383,-35.232407123658255,-33.82086384832085
1579071600,163.14,163.28,161.14,161.54,16863.61868,1579075199999,161.54,True,-81.6901408450704,-37.34412229281335,-35.232407123658255
1579075200,161.48,162.76,161.0,161.96,12119.00024,1579078799999,161.96,True,-78.40375586854445,-39.21046927352841,-37.34412229281335
1579078800,161.96,165.61,161.94,165.23,21633.30051,1579082399999,165.23,True,-52.8169014084507,-39.828943461479426,-39.21046927352841
1579082400,165.29,167.8,164.3,167.24,38029.95615,1579085999999,167.24,True,-37.089201877934116,-39.70440975313646,-39.828943461479426
1579086000,167.25,167.65,164.06,164.43,23805.392,1579089599999,164.43,True,-59.0766823161188,-40.584967596908385,-39.70440975313646
1579089600,164.49,166.7,164.15,165.63,16963.05036,1579093199999,165.63,True,-49.68701095461654,-40.99869684044057,-40.584967596908385
1579093200,165.61,168.92,165.57,168.25,26546.935,1579096799999,168.25,True,-29.18622848200305,-40.46176646051159,-40.99869684044057
1579096800,168.25,168.63,164.14,165.76,44652.26889,1579100399999,165.76,True,-39.14656771799628,-40.40198469948817,-40.46176646051159
1579100400,165.83,165.88,162.0,162.41,36121.89922,1579103999999,162.41,True,-66.97530864197522,-41.60986306051031,-40.40198469948817
1579104000,162.41,165.11,160.52,164.15,38261.1472,1579107599999,164.15,True,-49.07407407407389,-41.94914537930865,-41.60986306051031
1579107600,164.15,165.17,162.75,164.95,18352.89552,1579111199999,164.95,True,-40.843621399176946,-41.89889428930267,-41.94914537930865
1579111200,164.94,165.2,163.32,163.67,15986.30995,1579114799999,163.67,True,-54.012345679012356,-42.44950571610766,-41.89889428930267
1579114800,163.67,164.88,163.62,164.61,8177.65491,1579118399999,164.61,True,-51.30952380952364,-42.852233811262934,-42.44950571610766
1579118400,164.62,166.85,163.91,166.32,20149.00057,1579121999999,166.32,True,-30.952380952380967,-42.31133140858648,-42.852233811262934
1579122000,166.32,166.9,163.98,165.32,16517.69816,1579125599999,165.32,True,-42.857142857142904,-42.3361410198845,-42.31133140858648
1579125600,165.35,166.9,164.73,166.72,13683.47778,1579129199999,166.72,True,-26.190476190476126,-41.60224716400231,-42.3361410198845
1579129200,166.73,167.34,164.79,166.4,28021.19106,1579132799999,166.4,True,-29.999999999999865,-41.074872292911294,-41.60224716400231
1579132800,166.4,167.4,162.48,163.95,37467.48307,1579136399999,163.95,True,-59.16666666666681,-41.897226582627454,-41.074872292911294
1579136400,163.9,164.24,157.8,160.48,58986.69101,1579139999999,160.48,True,-75.8992805755397,-43.44277449139619,-41.897226582627454
1579140000,160.47,161.64,159.41,160.29,17272.51321,1579143599999,160.29,True,-77.60791366906487,-44.99573536310841,-43.44277449139619
1579143600,160.28,160.74,158.7,159.85,22306.89472,1579147199999,159.85,True,-81.07109879963079,-46.635524610223065,-44.99573536310841
1579147200,159.87,161.17,159.28,160.39,16942.78869,1579150799999,160.39,True,-73.02083333333358,-47.834856824909906,-46.635524610223065
1579150800,160.41,162.41,160.35,161.89,9388.87303,1579154399999,161.89,True,-57.39583333333357,-48.26944666620189,-47.834856824909906
1579154400,161.91,162.6,161.3,162.19,8626.05801,1579157999999,162.19,True,-54.27083333333345,-48.542236969253324,-48.26944666620189
1579158000,162.15,162.19,160.45,161.0,13437.30276,1579161599999,161.0,True,-66.66666666666677,-49.36607468277212,-48.542236969253324
1579161600,161.0,161.96,160.29,161.24,11423.84983,1579165199999,161.24,True,-64.16666666666667,-50.038828863858235,-49.36607468277212
1579165200,161.26,161.31,159.65,161.19,13353.4369,1579168799999,161.19,True,-64.68750000000013,-50.704677551864684,-50.038828863858235
1579168800,161.19,162.5,160.2,162.49,17914.08594,1579172399999,162.49,True,-51.14583333333333,-50.72473008738599,-50.704677551864684
1579172400,162.49,164.08,161.47,164.07,23911.68923,1579175999999,164.07,True,-34.68750000000015,-49.995765083413914,-50.72473008738599
1579176000,164.01,165.62,162.18,162.58,30899.51003,1579179599999,162.58,True,-50.20833333333329,-50.00542727659207,-49.995765083413914
1579179600,162.55,162.86,161.0,161.71,22006.48614,1579183199999,161.71,True,-59.27083333333334,-50.42658209735304,-50.00542727659207
1579183200,161.7,162.3,160.2,162.28,16622.21111,1579186799999,162.28,True,-42.71099744245532,-50.0758737039486,-50.42658209735304
1579186800,162.3,163.3,162.18,162.52,13119.63263,1579190399999,162.52,True,-44.79768786127149,-49.8359561656451,-50.0758737039486
1579190400,162.51,163.62,160.65,161.95,24865.39484,1579193999999,161.95,True,-53.034682080924966,-49.98135279815782,-49.8359561656451
1579194000,161.95,164.26,161.66,163.36,24548.94163,1579197599999,163.36,True,-35.64668769716072,-49.32977711174887,-49.98135279815782
1579197600,163.38,164.2,162.54,163.35,9765.62636,1579201199999,163.35,True,-38.023450586264836,-48.81585317877232,-49.32977711174887
1579201200,163.36,164.02,163.24,163.57,7087.67028,1579204799999,163.57,True,-34.33835845896167,-48.157785236962745,-48.81585317877232
1579204800,163.56,165.67,163.5,165.56,14076.13853,1579208399999,165.56,True,-1.8272425249167035,-46.05185147732429,-48.157785236962745
1579208400,165.55,165.88,162.31,163.39,23700.39404,1579211999999,163.39,True,-39.96789727126827,-45.77530810432175,-46.05185147732429
1579212000,163.4,164.38,162.83,164.14,8014.44161,1579215599999,164.14,True,-27.92937399678992,-44.96412928125213,-45.77530810432175
1579215600,164.11,165.0,163.3,164.21,10432.75359,1579219199999,164.21,True,-29.40140845070397,-44.25673287986358,-44.96412928125213
1579219200,164.24,165.25,162.14,163.78,23576.00106,1579222799999,163.78,True,-36.971830985915346,-43.925600975593206,-44.25673287986358
1579222800,163.73,165.1,163.42,164.86,11699.01698,1579226399999,164.86,True,-17.9577464788729,-42.745243953015006,-43.925600975593206
1579226400,165.01,167.23,164.6,165.67,28721.3465,1579229999999,165.67,True,-22.190611664295904,-41.810942485345954,-42.745243953015006
1579230000,165.74,167.44,164.86,165.14,31402.92246,1579233599999,165.14,True,-31.76795580110509,-41.35444309060774,-41.810942485345954
1579233600,165.14,166.76,164.85,166.66,19340.42443,1579237199999,166.66,True,-11.487481590574404,-39.99685393151531,-41.35444309060774
1579237200,166.68,170.32,165.96,169.94,56439.19709,1579240799999,169.94,True,-3.9296794208893067,-38.35743690830504,-39.99685393151531
1579240800,169.99,171.39,167.58,168.04,63315.8889,1579244399999,168.04,True,-34.4295991778006,-38.17889882964575,-38.35743690830504
1579244400,168.03,171.51,167.54,171.08,51386.93815,1579247999999,171.08,True,-4.589114194236694,-36.652090437127164,-38.17889882964575
1579248000,171.08,174.81,169.86,171.66,75905.38108,1579251599999,171.66,True,-24.86187845303869,-36.11617171057769,-36.652090437127164
1579251600,171.61,173.15,171.09,172.08,27659.43431,1579255199999,172.08,True,-21.546961325966745,-35.45393487491356,-36.11617171057769
1579255200,172.08,172.65,169.66,170.78,41707.8277,1579258799999,170.78,True,-31.80741910023675,-35.288184157882796,-35.45393487491356
1579258800,170.77,171.15,169.8,169.99,12251.72839,1579262399999,169.99,True,-38.04262036306225,-35.413385803572766,-35.288184157882796
1579262400,169.98,170.24,167.25,168.02,33831.6629,1579265999999,168.02,True,-53.59116022099435,-36.23964827709193,-35.413385803572766
1579266000,168.02,169.45,167.9,168.59,14160.86156,1579269599999,168.59,True,-49.09234411996836,-36.82386172449541,-36.23964827709193
1579269600,168.61,168.63,165.13,166.29,34471.8647,1579273199999,166.29,True,-74.80245829675152,-38.55016156868887,-36.82386172449541
1579273200,166.29,168.54,166.0,168.34,19141.7059,1579276799999,168.34,True,-63.36924583741424,-39.678301762721844,-38.55016156868887
1579276800,168.31,171.39,167.6,170.04,49929.44516,1579280399999,170.04,True,-47.891566265060305,-40.051631967373595,-39.678301762721844
1579280400,170.0,171.5,169.46,170.35,30525.99882,1579283999999,170.35,True,-44.779116465863495,-40.26651762639587,-40.051631967373595
1579284000,170.35,173.25,170.25,172.37,30662.9181,1579287599999,172.37,True,-25.206611570247894,-39.58197644202551,-40.26651762639587
1579287600,172.4,173.72,167.02,169.23,50728.737,1579291199999,169.23,True,-57.644628099173644,-40.40300606280497,-39.58197644202551
1579291200,169.23,170.61,168.42,169.13,24272.77233,1579294799999,169.13,True,-58.67768595041325,-41.233673330423535,-40.40300606280497
1579294800,169.08,171.48,169.01,171.32,7566.35793,1579298399999,171.32,True,-36.05371900826453,-40.99822086123449,-41.233673330423535
1579298400,171.34,173.38,170.77,171.75,14094.84196,1579301999999,171.75,True,-22.933643771827683,-40.17710372080691,-40.99822086123449
1579302000,171.84,172.5,169.85,169.85,14387.40512,1579305599999,169.85,True,-45.05238649592553,-40.3987074833123,-40.17710372080691
1579305600,169.92,173.63,169.0,173.21,30280.41385,1579309199999,173.21,True,-5.937136204889298,-38.83227242520216,-40.3987074833123
1579309200,173.25,173.69,171.5,172.6,23634.45401,1579312799999,172.6,True,-13.038416763678743,-37.659824440587464,-38.83227242520216
1579312800,172.66,172.91,170.65,171.18,12319.63274,1579316399999,171.18,True,-29.569266589056937,-37.29207181097244,-37.659824440587464
1579316400,171.21,172.38,170.61,171.93,14266.16008,1579319999999,171.93,True,-20.838183934807816,-36.54416781660132,-37.29207181097244
1579320000,171.91,171.97,168.0,168.62,25084.73616,1579323599999,168.62,True,-66.06217616580304,-37.88589546883777,-36.54416781660132
1579323600,168.62,169.59,167.05,168.09,31906.58605,1579327199999,168.09,True,-84.02985074626874,-39.98334798144827,-37.88589546883777
1579327200,168.1,168.23,164.92,167.92,31893.74474,1579330799999,167.92,True,-65.90909090909095,-41.161790841795664,-39.98334798144827
1579330800,167.95,169.15,166.82,168.07,19195.14057,1579334399999,168.07,True,-64.20454545454544,-42.209188778738834,-41.161790841795664
1579334400,168.1,168.82,167.21,168.5,10929.18222,1579337999999,168.5,True,-59.31818181818173,-42.9868702805317,-42.209188778738834
1579338000,168.49,170.11,168.13,169.35,14453.54467,1579341599999,169.35,True,-49.48688711516532,-43.28232559119686,-42.9868702805317
1579341600,169.34,170.03,168.76,169.01,9888.94348,1579345199999,169.01,True,-53.36374002280503,-43.740571701724505,-43.28232559119686
1579345200,169.01,169.14,167.86,169.07,8994.16593,1579348799999,169.07,True,-52.67958950969212,-44.14689069299576,-43.740571701724505
1579348800,169.12,171.23,168.84,171.02,23974.26282,1579352399999,171.02,True,-30.444697833523197,-43.52406374483792,-44.14689069299576
1579352400,171.03,176.01,170.13,174.17,83476.55558,1579355999999,174.17,True,-16.591523895401288,-42.299857388045346,-43.52406374483792
1579356000,174.15,179.5,174.1,177.24,96012.15602,1579359599999,177.24,True,-15.500685871056167,-41.0817132281822,-42.299857388045346
1579359600,177.34,178.5,173.59,175.53,63513.21267,1579363199999,175.53,True,-27.229080932784605,-40.45204812384595,-41.0817132281822
1579363200,175.54,177.6,172.73,173.91,73606.73432,1579366799999,173.91,True,-38.34019204389574,-40.3560546656664,-40.45204812384595
1579366800,173.91,175.27,173.1,174.89,28239.54338,1579370399999,174.89,True,-31.618655692729835,-39.958900166896555,-40.3560546656664
1579370400,174.89,175.25,172.84,173.86,17193.54158,1579373999999,173.86,True,-38.68312757201633,-39.90091050349291,-39.958900166896555
1579374000,173.87,175.07,173.52,174.97,13037.16202,1579377599999,174.97,True,-31.069958847736608,-39.499503610049445,-39.90091050349291
1579377600,174.95,175.85,174.49,175.49,11534.53905,1579381199999,175.49,True,-31.62460567823335,-39.1415537040578,-39.499503610049445
1579381200,175.5,176.88,175.43,176.62,7959.5153,1579384799999,176.62,True,-23.433685923515032,-38.42755971403313,-39.1415537040578
1579384800,176.61,177.0,175.74,176.92,8913.18846,1579388399999,176.92,True,-22.164948453608382,-37.68835011128655,-38.42755971403313
1579388400,176.93,177.04,173.87,174.14,28476.06412,1579391999999,174.14,True,-46.04810996563591,-38.06833919557516,-37.68835011128655
1579392000,174.1,176.4,173.29,176.23,21662.80188,1579395599999,176.23,True,-28.09278350515476,-37.614904846010596,-38.06833919557516
1579395600,176.23,178.05,174.0,175.33,50573.06147,1579399199999,175.33,True,-39.11819887429633,-37.68323639275086,-37.614904846010596
1579399200,175.3,176.65,174.52,176.33,16030.19729,1579402799999,176.33,True,-33.83137673425812,-37.50815186281937,-37.68323639275086
1579402800,176.33,177.75,176.05,176.25,13837.59683,1579406399999,176.25,True,-48.005908419497715,-37.98532261539566,-37.50815186281937
1579406400,176.26,176.46,175.56,175.94,13528.04873,1579409999999,175.94,True,-44.36741767764294,-38.27541784549781,-37.98532261539566
1579410000,175.89,176.59,175.16,176.12,11967.86335,1579413599999,176.12,True,-36.278195488721785,-38.184635011098905,-38.27541784549781
1579413600,176.12,176.67,174.6,175.36,15925.06009,1579417199999,175.36,True,-51.631477927063216,-38.79585514364274,-38.184635011098905
1579417200,175.32,176.9,174.6,176.55,17647.44702,1579420799999,176.55,True,-28.79078694817654,-38.3410793165761,-38.79585514364274
1579420800,176.55,176.87,175.92,176.42,10043.6581,1579424399999,176.42,True,-34.24369747899196,-38.154834687595006,-38.3410793165761
1579424400,176.45,177.3,174.8,175.5,21312.69357,1579427999999,175.5,True,-53.57142857142859,-38.85558895504199,-38.154834687595006
1579428000,175.48,175.8,174.29,174.31,15486.60023,1579431599999,174.31,True,-78.57142857142844,-40.66085439215046,-38.85558895504199
1579431600,174.31,174.39,164.0,166.62,128213.17088,1579435199999,166.62,True,-81.35231316725977,-42.51046615465543,-40.66085439215046
1579435200,166.61,166.61,162.4,165.34,47832.6409,1579438799999,165.34,True,-81.21405750798725,-44.26972030707961,-42.51046615465543
1579438800,165.4,165.41,161.66,164.38,33893.78514,1579442399999,164.38,True,-83.40451494813914,-46.048574608945955,-44.26972030707961
1579442400,164.4,165.9,164.0,164.42,26268.37264,1579445999999,164.42,True,-83.16046369737651,-47.73547865842007,-46.048574608945955
1579446000,164.43,165.32,163.49,164.81,29158.80125,1579449599999,164.81,True,-80.42262274704782,-49.22125793517588,-47.73547865842007
1579449600,164.75,166.18,164.19,165.22,24500.70131,1579453199999,165.22,True,-77.87445618396518,-50.52367603739358,-49.22125793517588
1579453200,165.17,165.52,164.63,165.13,12968.24974,1579456799999,165.13,True,-77.8132992327366,-51.76411345536371,-50.52367603739358
1579456800,165.17,165.24,163.88,164.36,12728.14226,1579460399999,164.36,True,-82.73657289002549,-53.17195252057561,-51.76411345536371
1579460400,164.33,165.19,163.9,164.92,17674.04716,1579463999999,164.92,True,-79.15601023017909,-54.353046052830315,-53.17195252057561
1579464000,164.95,165.09,164.09,164.51,6747.19811,1579467599999,164.51,True,-81.77749360613817,-55.59961185070795,-54.353046052830315
1579467600,164.52,166.08,164.11,165.81,25836.68129,1579471199999,165.81,True,-73.46547314578004,-56.411696455029414,-55.59961185070795
1579471200,165.81,167.0,163.56,166.15,37583.89594,1579474799999,166.15,True,-71.29156010230176,-57.08805389354179,-56.411696455029414
1579474800,166.11,167.5,165.62,166.79,13260.57086,1579478399999,166.79,True,-63.71994342291379,-57.38950341760415,-57.08805389354179
1579478400,166.79,167.6,165.17,165.68,22472.41947,1579481999999,165.68,True,-68.42105263157885,-57.89093747278483,-57.38950341760415
1579482000,165.71,166.5,165.2,165.42,10499.10347,1579485599999,165.42,True,-36.70033670033683,-56.92772834676447,-57.89093747278483
1579485600,165.43,165.93,165.1,165.46,9430.21568,1579489199999,165.46,True,-36.026936026935815,-55.97769233222681,-56.92772834676447
1579489200,165.44,165.78,165.25,165.66,5593.92538,1579492799999,165.66,True,-47.20194647201958,-55.578794793126484,-55.97769233222681
1579492800,165.65,166.3,164.29,164.75,17949.81825,1579496399999,164.75,True,-69.34306569343077,-56.20444347041304,-55.578794793126484
1579496400,164.76,165.76,164.74,165.66,7640.41402,1579499999999,165.66,True,-48.01980198019806,-55.832414311766904,-56.20444347041304
1579500000,165.64,166.23,165.51,165.83,6940.10405,1579503599999,165.83,True,-43.81188118811845,-55.286026442510156,-55.832414311766904
1579503600,165.8,166.4,165.21,165.63,10581.84899,1579507199999,165.63,True,-48.76237623762383,-54.9894968877426,-55.286026442510156
1579507200,165.62,166.25,164.5,165.35,14489.17182,1579510799999,165.35,True,-55.6930693069308,-55.021477452251155,-54.9894968877426
1579510800,165.35,165.65,164.28,164.65,11521.42588,1579514399999,164.65,True,-73.01980198019788,-55.83958311261237,-55.021477452251155
1579514400,164.65,165.26,164.56,164.86,7779.40024,1579517999999,164.86,True,-67.82178217821748,-56.38422852468533,-55.83958311261237
1579518000,164.9,165.16,161.88,163.04,24163.58696,1579521599999,163.04,True,-79.72027972027978,-57.444958124485076,-56.38422852468533
1579521600,163.05,164.17,162.0,162.55,25738.47353,1579525199999,162.55,True,-88.28671328671301,-58.84685608640453,-57.444958124485076
1579525200,162.53,165.05,161.24,164.02,30192.32452,1579528799999,164.02,True,-56.28930817610051,-58.73060390866344,-58.84685608640453
1579528800,164.08,166.67,163.85,166.2,19719.48345,1579532399999,166.2,True,-8.655616942909774,-56.454468137492825,-58.73060390866344
1579532400,166.2,167.04,165.58,166.83,18883.57175,1579535999999,166.83,True,-3.6206896551720718,-54.052932751932794,-56.454468137492825
1579536000,166.88,167.75,165.96,166.88,23619.28156,1579539599999,166.88,True,-13.36405529953926,-52.203438322278544,-54.052932751932794
1579539600,166.88,167.08,166.18,166.3,7882.27763,1579543199999,166.3,True,-22.273425499231806,-50.84298319395824,-52.203438322278544
1579543200,166.27,166.91,166.12,166.5,9824.79431,1579546799999,166.5,True,-19.20122887864826,-49.40472163417143,-50.84298319395824
1579546800,166.5,167.79,166.5,167.67,17770.59536,1579550399999,167.67,True,-1.8320610687023642,-47.242327972104654,-49.40472163417143
1579550400,167.66,167.87,166.88,167.32,8368.62189,1579553999999,167.32,True,-8.295625942684943,-45.47202333440376,-47.242327972104654
1579554000,167.32,167.32,166.87,167.28,4856.45,1579557599999,167.28,True,-8.898944193061897,-43.80961064616095,-45.47202333440376
1579557600,167.25,169.33,167.11,167.49,18744.7398,1579561199999,167.49,True,-22.744128553770118,-42.852088732870456,-43.80961064616095
1579561200,167.49,168.0,166.6,166.87,23430.83609,1579564799999,166.87,True,-30.40791100123618,-42.28644429052345,-42.852088732870456
1579564800,166.86,167.2,165.61,166.42,23336.26878,1579568399999,166.42,True,-35.97033374536494,-41.99934835665261,-42.28644429052345
1579568400,166.42,167.12,166.33,167.06,4484.26973,1579571999999,167.06,True,-28.05933250927082,-41.36571127268071,-41.99934835665261
1579572000,167.03,167.66,166.9,167.38,7316.74871,1579575599999,167.38,True,-24.103831891223933,-40.58108039170541,-41.36571127268071
1579575600,167.37,168.4,167.25,168.3,8058.69642,1579579199999,168.3,True,-18.795620437956163,-39.59083221198954,-40.58108039170541
1579579200,168.32,168.86,167.72,167.84,10444.64039,1579582799999,167.84,True,-39.733333333333576,-39.597309535687,-39.59083221198954
1579582800,167.84,167.9,166.69,167.15,9121.87428,1579586399999,167.15,True,-58.60215053763461,-40.46116594486644,-39.597309535687
1579586400,167.2,167.71,166.73,167.23,9279.56262,1579589999999,167.23,True,-56.45161290322643,-41.18800444297371,-40.46116594486644
1579590000,167.25,167.37,166.17,166.53,16907.06864,1579593599999,166.53,True,-75.2688172043014,-42.737132295761334,-41.18800444297371
1579593600,166.51,167.3,165.86,167.11,14073.84035,1579597199999,167.11,True,-59.6774193548387,-43.507145343901215,-42.737132295761334
1579597200,167.08,168.06,166.57,166.76,9320.73068,1579600799999,166.76,True,-69.08602150537695,-44.669821533059206,-43.507145343901215
1579600800,166.75,168.08,166.48,168.01,16523.02058,1579604399999,168.01,True,-35.483870967742526,-44.252278325544815,-44.669821533059206
1579604400,168.01,168.7,167.45,167.93,19412.8668,1579607999999,167.93,True,-37.6344086021507,-43.95146606539054,-44.252278325544815
1579608000,167.92,168.53,167.32,168.1,8312.91858,1579611599999,168.1,True,-23.38461538461598,-43.01660921626443,-43.95146606539054
1579611600,168.09,169.25,167.9,168.88,11163.31966,1579615199999,168.88,True,-10.164835164835328,-41.52334675938129,-43.01660921626443
1579615200,168.88,168.92,168.09,168.24,7205.19039,1579618799999,168.24,True,-29.793510324483627,-40.990172375976854,-41.52334675938129
1579618800,168.25,169.05,167.88,168.1,8970.20405,1579622399999,168.1,True,-33.923303834808564,-40.66895107865103,-40.990172375976854
1579622400,168.09,168.48,166.75,167.65,22621.85164,1579625999999,167.65,True,-47.19764011799412,-40.96570967134844,-40.66895107865103
1579626000,167.66,167.93,167.24,167.71,8649.28443,1579629599999,167.71,True,-45.42772861356927,-41.16852871417666,-40.96570967134844
1579629600,167.68,167.81,166.35,167.06,5755.78474,1579633199999,167.06,True,-64.60176991150462,-42.23367604132793,-41.16852871417666
1579633200,167.05,167.45,164.8,165.12,21078.59424,1579636799999,165.12,True,-92.80898876404508,-44.53255389236053,-42.23367604132793
1579636800,165.13,168.52,165.12,168.32,28342.58519,1579640399999,168.32,True,-20.89887640449459,-43.458295824730264,-44.53255389236053
1579640400,168.33,170.32,168.33,169.14,24008.22847,1579643999999,169.14,True,-21.376811594203094,-42.454591996069944,-43.458295824730264
1579644000,169.14,169.53,168.23,169.36,5352.14695,1579647599999,169.36,True,-17.391304347825773,-41.315351648422485,-42.454591996069944
1579647600,169.36,169.85,168.83,169.49,8267.93898,1579651199999,169.49,True,-15.036231884057733,-40.12084620458772,-41.315351648422485
1579651200,169.48,170.05,169.3,169.71,9174.59597,1579654799999,169.71,True,-11.050724637680927,-38.7994770424556,-40.12084620458772
1579654800,169.71,169.75,168.75,169.09,8088.81975,1579658399999,169.09,True,-22.282608695652062,-38.04871029941908,-38.7994770424556
1579658400,169.09,169.44,167.79,168.57,11284.64838,1579661999999,168.57,True,-31.702898550724743,-37.76026431084206,-38.04871029941908
1579662000,168.56,169.46,168.23,168.69,7375.89394,1579665599999,168.69,True,-29.528985507246393,-37.38611527431498,-37.76026431084206
1579665600,168.69,169.58,168.62,169.45,6011.34825,1579669199999,169.45,True,-15.760869565217526,-36.4031495602651,-37.38611527431498
1579669200,169.44,169.47,168.84,168.96,6703.36893,1579672799999,168.96,True,-24.637681159420104,-35.868355542044874,-36.4031495602651
1579672800,168.96,170.0,168.89,169.85,11666.48498,1579676399999,169.85,True,-8.514492753623196,-34.62499814257116,-35.868355542044874
1579676400,169.85,171.47,168.96,169.2,47741.82397,1579679999999,169.2,True,-34.0329835082461,-34.59808838646548,-34.62499814257116
1579680000,169.25,169.55,167.51,168.44,36850.25678,1579683599999,168.44,True,-45.42728635682169,-35.09032465784531,-34.59808838646548
1579683600,168.46,169.12,167.91,168.99,13076.1728,1579687199999,168.99,True,-39.055118110236094,-35.270542542044886,-35.09032465784531
1579687200,168.98,169.02,168.05,168.35,6900.86728,1579690799999,168.35,True,-78.78787878787874,-37.248603280491885,-35.270542542044886
1579690800,168.36,168.45,167.31,168.0,12013.79072,1579694399999,168.0,True,-83.41346153846158,-39.34700592858142,-37.248603280491885
1579694400,168.0,168.31,167.45,168.01,7136.83658,1579697999999,168.01,True,-83.17307692307718,-41.33910006469486,-39.34700592858142
1579698000,168.01,168.02,166.03,166.43,16562.25189,1579701599999,166.43,True,-92.6470588235293,-43.671280008278245,-41.33910006469486
1579701600,166.42,167.34,166.07,166.95,10664.2134,1579705199999,166.95,True,-83.08823529411787,-45.46295979399823,-43.671280008278245
1579705200,166.92,167.91,166.72,167.42,7431.21739,1579708799999,167.42,True,-74.44852941176495,-46.7804856857149,-45.46295979399823
1579708800,167.43,169.04,166.62,168.42,18784.9109,1579712399999,168.42,True,-56.066176470588466,-47.202562539572796,-46.7804856857149
1579712400,168.4,168.88,167.59,168.36,6847.7147,1579715999999,168.36,True,-57.16911764705858,-47.65558777173124,-47.202562539572796
1579716000,168.38,168.4,167.57,168.0,4515.96194,1579719599999,168.0,True,-63.78676470588236,-48.38882308691993,-47.65558777173124
1579719600,167.99,168.29,167.32,168.0,6615.11272,1579723199999,168.0,True,-63.78676470588236,-49.08872952414549,-48.38882308691993
1579723200,167.97,168.21,167.51,168.16,4455.61416,1579726799999,168.16,True,-60.84558823529419,-49.62313219283407,-49.08872952414549
1579726800,168.16,168.23,167.76,167.91,2935.28651,1579730399999,167.91,True,-46.59090909090938,-49.485303870019315,-49.62313219283407
1579730400,167.91,168.08,167.5,167.57,1979.17975,1579733999999,167.57,True,-50.16181229773494,-49.5160542530973,-49.485303870019315
1579734000,167.56,168.22,167.5,168.07,7424.53117,1579737599999,168.07,True,-32.22591362126252,-48.73013876983209,-49.5160542530973
1579737600,168.07,168.2,166.78,167.16,10752.4162,1579741199999,167.16,True,-62.45847176079738,-49.354153905785054,-48.73013876983209
1579741200,167.21,167.45,164.72,164.92,24532.14593,1579744799999,164.92,True,-95.37037037037062,-51.44580010872076,-49.354153905785054
1579744800,164.89,165.96,164.18,165.89,17920.45351,1579748399999,165.89,True,-64.81481481481512,-52.053482595361416,-51.44580010872076
1579748400,165.91,166.14,165.4,165.44,15585.25543,1579751999999,165.44,True,-74.07407407407418,-53.054418571666545,-52.053482595361416
1579752000,165.44,165.57,164.24,164.73,14830.80311,1579755599999,164.73,True,-88.68312757201677,-54.67390534440974,-53.054418571666545
1579755600,164.72,164.73,162.71,163.97,29221.98591,1579759199999,163.97,True,-80.09478672985792,-55.8293999528392,-54.67390534440974
1579759200,163.98,164.23,163.25,163.88,10065.62118,1579762799999,163.88,True,-81.03727714748801,-56.97521255259598,-55.8293999528392
1579762800,163.89,165.31,163.35,164.88,17002.31759,1579766399999,164.88,True,-61.862917398945726,-57.19738095470279,-56.97521255259598
1579766400,164.86,165.69,163.71,163.71,17155.65094,1579769999999,163.71,True,-82.07885304659493,-58.32835695887971,-57.19738095470279
1579770000,163.71,163.9,163.0,163.48,19506.56137,1579773599999,163.48,True,-86.05072463768144,-59.58846458064343,-58.32835695887971
1579773600,163.47,163.9,162.5,163.57,14254.17272,1579777199999,163.57,True,-81.3263525305411,-60.57655039654787,-59.58846458064343
1579777200,163.57,163.57,162.59,162.7,11851.88862,1579780799999,162.7,True,-96.5034965034967,-62.20959340140919,-60.57655039654787
1579780800,162.7,163.31,161.73,162.78,19007.63109,1579784399999,162.78,True,-83.82126348228027,-63.19194204144878,-62.20959340140919
1579784400,162.77,162.78,161.08,161.61,17199.3251,1579787999999,161.61,True,-92.55617977528085,-64.52668012025934,-63.19194204144878
1579788000,161.62,162.43,161.22,162.2,13446.35058,1579791599999,162.2,True,-82.41758241758272,-65.33990295195586,-64.52668012025934
1579791600,162.2,163.9,161.98,163.15,14599.07101,1579795199999,163.15,True,-59.090909090909015,-65.05585777645373,-65.33990295195586
1579795200,163.17,163.45,161.95,162.38,10950.00177,1579798799999,162.38,True,-74.30830039525712,-65.47642335003572,-65.05585777645373
1579798800,162.37,163.47,161.2,161.74,11670.73364,1579802399999,161.74,True,-85.68329718004341,-66.39491761503606,-65.47642335003572
1579802400,161.74,161.81,159.21,159.8,36873.66596,1579805999999,159.8,True,-90.89506172839499,-67.50856052927965,-66.39491761503606
1579806000,159.79,160.91,159.45,160.63,8515.40484,1579809599999,160.63,True,-78.08641975308657,-67.98937231217997,-67.50856052927965
1579809600,160.62,161.23,159.85,161.14,8510.53547,1579813199999,161.14,True,-70.21604938271634,-68.09058490629525,-67.98937231217997
1579813200,161.07,163.28,160.94,162.51,14219.56328,1579816799999,162.51,True,-49.074074074074254,-67.2261980502852,-68.09058490629525
1579816800,162.47,163.46,162.44,163.0,5517.24041,1579820399999,163.0,True,-19.189765458422304,-65.04272384156417,-67.2261980502852
1579820400,163.01,163.22,161.74,162.81,10225.55419,1579823999999,162.81,True,-23.240938166311384,-63.14264267450722,-65.04272384156417
1579824000,162.85,163.41,162.08,163.07,10385.48234,1579827599999,163.07,True,-17.697228144989616,-61.07694201407461,-63.14264267450722
1579827600,163.07,163.42,161.33,161.36,16272.71618,1579831199999,161.36,True,-54.15778251599133,-60.76243476416174,-61.07694201407461
1579831200,161.37,161.66,157.5,158.63,34607.59354,1579834799999,158.63,True,-82.34375000000009,-61.74340363851803,-60.76243476416174
1579834800,158.64,159.88,158.28,158.99,11297.9605,1579838399999,158.99,True,-76.71874999999987,-62.42410120040358,-61.74340363851803
1579838400,158.99,159.79,158.25,158.31,13151.99393,1579841999999,158.31,True,-87.34374999999997,-63.556812509476146,-62.42410120040358
1579842000,158.31,159.59,158.29,159.41,9161.56945,1579845599999,159.41,True,-68.00670016750423,-63.75908013029561,-63.556812509476146
1579845600,159.44,159.98,158.7,159.54,10456.77467,1579849199999,159.54,True,-65.82914572864334,-63.8531740211296,-63.75908013029561
1579849200,159.53,159.84,158.45,159.25,10476.73612,1579852799999,159.25,True,-70.63758389261749,-64.16155628801542,-63.8531740211296
1579852800,159.24,159.29,158.47,158.89,8896.55579,1579856399999,158.89,True,-76.67785234899355,-64.7304788362417,-64.16155628801542
1579856400,158.89,159.14,155.73,156.14,40827.37679,1579859999999,156.14,True,-94.69598965071157,-66.0925475096267,-64.7304788362417
1579860000,156.14,157.62,155.82,156.35,20072.29845,1579863599999,156.35,True,-91.97930142302712,-67.269218142054,-66.0925475096267
1579863600,156.36,161.02,155.55,160.63,42122.89274,1579867199999,160.63,True,-35.77749683944391,-65.83777626466264,-67.269218142054
1579867200,160.7,162.0,160.0,161.36,30145.13161,1579870799999,161.36,True,-26.175349428208133,-64.03493868118743,-65.83777626466264
1579870800,161.36,161.96,160.0,161.73,18546.96954,1579874399999,161.73,True,-21.473951715374877,-62.100348364559586,-64.03493868118743
1579874400,161.75,163.32,161.08,162.04,28046.45968,1579877999999,162.04,True,-17.534942820838623,-60.07464811257227,-62.100348364559586
1579878000,162.07,162.95,161.21,162.62,20912.26593,1579881599999,162.62,True,-9.009009009008883,-57.75348269877394,-60.07464811257227
1579881600,162.67,163.19,160.92,160.92,16777.839,1579885199999,160.92,True,-30.888030888031032,-56.532325798285626,-57.75348269877394
1579885200,160.92,161.58,160.6,161.18,6921.86368,1579888799999,161.18,True,-27.54182754182743,-55.21457587753753,-56.532325798285626
1579888800,161.17,162.5,161.15,161.77,14219.3967,1579892399999,161.77,True,-19.948519948519778,-53.61157333530945,-55.21457587753753
1579892400,161.72,164.45,161.56,163.71,29294.20035,1579895999999,163.71,True,-8.314606741572838,-51.55262030832142,-53.61157333530945
1579896000,163.7,164.37,162.59,163.35,12491.40754,1579899599999,163.35,True,-12.35955056179772,-49.77111713802489,-51.55262030832142
1579899600,163.32,163.76,163.06,163.27,3981.63606,1579903199999,163.27,True,-13.258426966291927,-48.11144940294612,-49.77111713802489
1579903200,163.25,163.38,162.0,163.07,11657.87288,1579906799999,163.07,True,-15.505617977528079,-46.62936615633621,-48.11144940294612
1579906800,163.06,164.01,162.1,162.54,9288.20555,1579910399999,162.54,True,-21.460674157303387,-45.48533470183472,-46.62936615633621
1579910400,162.51,162.58,158.02,158.63,40896.67428,1579913999999,158.63,True,-65.39325842696638,-46.39024032570434,-45.48533470183472
1579914000,158.55,159.32,157.61,158.49,18874.47444,1579917599999,158.49,True,-87.13450292397663,-48.24225226198944,-46.39024032570434
1579917600,158.58,159.47,158.3,159.24,5915.70171,1579921199999,159.24,True,-76.16959064327483,-49.511676733866054,-48.24225226198944
1579921200,159.24,159.85,158.66,159.05,4150.93225,1579924799999,159.05,True,-78.94736842105259,-50.849662719647256,-49.511676733866054
1579924800,159.0,160.61,158.65,159.42,6051.25171,1579928399999,159.42,True,-73.53801169590672,-51.88095130947723,-50.849662719647256
1579928400,159.41,159.96,158.69,159.63,6419.2367,1579931999999,159.63,True,-70.4678362573101,-52.725809716196906,-51.88095130947723
1579932000,159.64,160.22,159.35,159.42,5634.35544,1579935599999,159.42,True,-73.53801169590672,-53.671818897092805,-52.725809716196906
1579935600,159.4,160.19,159.27,159.53,6234.67582,1579939199999,159.53,True,-71.92982456140359,-54.50172824547057,-53.671818897092805
1579939200,159.53,161.52,159.36,161.22,16420.85998,1579942799999,161.22,True,-47.22222222222224,-54.170841608050196,-54.50172824547057
1579942800,161.25,161.44,160.07,160.48,8741.64687,1579946399999,160.48,True,-57.544378698225145,-54.324184203058145,-54.170841608050196
1579946400,160.49,160.9,158.8,159.45,11129.61488,1579949999999,159.45,True,-71.25000000000028,-55.09353946655551,-54.324184203058145
1579950000,159.48,159.85,158.81,159.29,7330.02858,1579953599999,159.29,True,-73.75000000000024,-55.941560399893916,-55.09353946655551
1579953600,159.3,159.77,158.78,158.83,5363.40148,1579957199999,158.83,True,-80.93749999999994,-57.077739472626014,-55.941560399893916
1579957200,158.83,160.91,158.7,160.06,10134.1639,1579960799999,160.06,True,-50.70422535211289,-56.788034285329964,-57.077739472626014
1579960800,160.12,161.0,160.0,160.01,5601.61484,1579964399999,160.01,True,-38.618925831202574,-55.96216571923327,-56.788034285329964
1579964400,160.0,160.65,159.61,160.41,3916.49583,1579967999999,160.41,True,-34.47204968944143,-54.98534226333364,-55.96216571923327
1579968000,160.43,161.6,160.0,161.04,10853.61254,1579971599999,161.04,True,-18.98305084745778,-53.34887447170292,-54.98534226333364
1579971600,161.06,161.35,160.27,160.39,4774.52795,1579975199999,160.39,True,-41.0169491525428,-52.7883324117411,-53.34887447170292
1579975200,160.39,160.96,159.95,160.6,2329.17731,1579978799999,160.6,True,-34.36426116838492,-51.95087462795219,-52.7883324117411
1579978800,160.63,161.32,160.57,161.0,6817.20991,1579982399999,161.0,True,-20.689655172413556,-50.52991010724588,-51.95087462795219
1579982400,161.0,161.29,160.72,161.19,5834.25026,1579985999999,161.19,True,-14.137931034482614,-48.8757292403021,-50.52991010724588
1579986000,161.2,162.3,161.04,161.58,8882.22496,1579989599999,161.58,True,-19.999999999999844,-47.563196093015634,-48.8757292403021
1579989600,161.61,162.79,161.0,161.1,9319.91668,1579993199999,161.1,True,-41.32029339853292,-47.279427788720966,-47.563196093015634
1579993200,161.12,161.87,160.14,160.35,8295.60365,1579996799999,160.35,True,-59.657701711491335,-47.84207660339235,-47.279427788720966
1579996800,160.36,160.55,159.41,160.12,10695.39271,1580000399999,160.12,True,-65.28117359413167,-48.634762830244135,-47.84207660339235
1580000400,160.12,161.04,159.84,160.28,4942.68629,1580003999999,160.28,True,-61.36919315403396,-49.21360057223458,-48.634762830244135
1580004000,160.28,160.29,159.61,159.64,4127.4248,1580007599999,159.64,True,-77.0171149144255,-50.47739667869781,-49.21360057223458
1580007600,159.67,161.78,159.6,161.22,9505.92065,1580011199999,161.22,True,-46.4497041420117,-50.29431974521208,-50.47739667869781
1580011200,161.22,161.22,160.46,160.86,4779.851,1580014799999,160.86,True,-57.10059171597577,-50.60369574388316,-50.29431974521208
1580014800,160.87,161.69,160.76,161.0,4410.32714,1580018399999,161.0,True,-52.95857988165664,-50.71073593196377,-50.60369574388316
1580018400,161.0,161.4,160.59,160.81,4986.46777,1580021999999,160.81,True,-58.57988165680451,-51.068424374001985,-50.71073593196377
1580022000,160.82,161.38,160.61,161.23,3048.43461,1580025599999,161.23,True,-46.15384615384628,-50.845034454903995,-51.068424374001985
1580025600,161.24,163.63,160.87,162.41,27876.63242,1580029199999,162.41,True,-28.909952606635052,-49.84798527998268,-50.845034454903995
1580029200,162.4,163.0,161.8,162.37,7974.12981,1580032799999,162.37,True,-29.857819905213063,-48.93934139931133,-49.84798527998268
1580032800,162.35,163.24,162.02,162.87,9591.06755,1580036399999,162.87,True,-18.009478672985573,-47.53343854811471,-48.93934139931133
1580036400,162.86,163.45,162.54,163.14,11294.47941,1580039999999,163.14,True,-11.611374407583156,-45.90061745081782,-47.53343854811471
1580040000,163.17,164.1,162.89,163.54,14448.74044,1580043599999,163.54,True,-11.94029850746274,-44.356966589756226,-45.90061745081782
1580043600,163.57,163.94,162.78,163.31,9757.96616,1580047199999,163.31,True,-16.844349680170414,-43.10639309386596,-44.356966589756226
1580047200,163.32,163.67,162.96,163.32,5727.13404,1580050799999,163.32,True,-17.333333333333357,-41.93489037747812,-43.10639309386596
1580050800,163.31,164.0,162.96,163.37,6583.42992,1580054399999,163.37,True,-16.222222222221994,-40.76613273405739,-41.93489037747812
1580054400,163.35,164.75,163.19,164.74,19525.95872,1580057999999,164.74,True,-0.1941747572813766,-38.92195282602212,-40.76613273405739
1580058000,164.74,167.05,164.5,166.44,28669.94959,1580061599999,166.44,True,-9.256449165402326,-37.5735208414485,-38.92195282602212
1580061600,166.42,167.0,165.88,166.36,13140.27064,1580065199999,166.36,True,-10.681114551083542,-36.351138737341,-37.5735208414485
1580065200,166.4,166.5,165.8,166.18,9488.54302,1580068799999,166.18,True,-13.467492260061974,-35.31097298837378,-36.351138737341
1580068800,166.12,167.7,166.0,166.56,14758.82755,1580072399999,166.56,True,-16.078984485190272,-34.43679169277453,-35.31097298837378
1580072400,166.57,167.7,166.51,167.22,6746.85793,1580075999999,167.22,True,-7.027818448023293,-33.19092927255857,-34.43679169277453
1580076000,167.23,167.82,166.56,167.04,9306.8584,1580079599999,167.04,True,-12.956810631229294,-32.271196607043606,-33.19092927255857
1580079600,167.05,168.08,166.91,167.86,10195.20701,1580083199999,167.86,True,-3.6303630363036103,-30.969340535646335,-32.271196607043606
1580083200,167.91,169.75,167.85,168.46,22549.31841,1580086799999,168.46,True,-17.891816920943004,-30.374907644068912,-30.969340535646335
1580086800,168.45,169.54,168.17,168.26,10633.15336,1580090399999,168.26,True,-21.37733142037316,-29.965926906628194,-30.374907644068912
1580090400,168.25,168.41,167.43,167.68,9836.92076,1580093999999,167.68,True,-29.69870875179331,-29.953780626862972,-29.965926906628194
1580094000,167.68,167.95,167.38,167.7,8687.42047,1580097599999,167.7,True,-30.191458026509775,-29.964584145028734,-29.953780626862972
1580097600,167.69,168.67,166.44,166.99,20449.12793,1580101199999,166.99,True,-40.64801178203231,-30.45019449216526,-29.964584145028734
1580101200,166.99,167.6,166.39,167.1,8662.00235,1580104799999,167.1,True,-40.39634146341471,-30.90229208176751,-30.45019449216526
1580104800,167.12,167.87,166.87,167.4,8080.63788,1580108399999,167.4,True,-44.76190476190465,-31.5322744763192,-30.90229208176751
1580108400,167.39,167.59,167.03,167.32,6528.28513,1580111999999,167.32,True,-61.5189873417725,-32.895306879294345,-31.5322744763192
1580112000,167.32,167.35,165.22,165.86,22098.27797,1580115599999,165.86,True,-85.87196467991137,-35.30333677932239,-32.895306879294345
1580115600,165.82,166.71,165.37,166.5,9335.12997,1580119199999,166.5,True,-71.74392935982338,-36.959727351163345,-35.30333677932239
1580119200,166.51,167.41,165.76,165.94,11596.14998,1580122799999,165.94,True,-84.10596026490069,-39.10273793815141,-36.959727351163345
1580122800,165.99,168.9,165.8,168.6,22909.39727,1580126399999,168.6,True,-25.386313465783783,-38.479264098498334,-39.10273793815141
1580126400,168.57,170.07,168.16,169.55,26134.13405,1580129999999,169.55,True,-10.72164948453572,-37.21755434331821,-38.479264098498334
1580130000,169.58,170.9,168.76,169.1,21697.22355,1580133599999,169.1,True,-31.690140845070584,-36.96630827521605,-37.21755434331821
1580133600,169.1,170.1,168.76,170.07,12920.67882,1580137199999,170.07,True,-14.61267605633823,-35.950234083448876,-36.96630827521605
1580137200,170.06,170.78,169.53,170.03,16165.06544,1580140799999,170.03,True,-15.316901408450766,-35.01235532549442,-35.950234083448876
1580140800,170.01,171.2,169.09,170.3,20596.94466,1580144399999,170.3,True,-15.050167224079914,-34.10498313906649,-35.01235532549442
1580144400,170.3,171.24,169.42,169.7,13702.76996,1580147999999,169.7,True,-25.581395348837507,-33.71754733041972,-34.10498313906649
1580148000,169.7,171.27,169.16,171.27,13803.57998,1580151599999,171.27,True,-0.0,-32.18493154267337,-33.71754733041972
1580151600,171.25,172.56,170.26,171.2,35922.69229,1580155199999,171.2,True,-18.52861035422361,-31.56418967047111,-32.18493154267337
1580155200,171.2,172.0,171.0,171.97,11944.18314,1580158799999,171.97,True,-8.03814713896462,-30.49482410085718,-31.56418967047111
1580158800,171.99,172.04,170.64,171.59,12770.04315,1580162399999,171.59,True,-13.215258855585809,-29.70938931698121,-30.49482410085718
1580162400,171.58,171.66,169.63,170.2,9153.37013,1580165999999,170.2,True,-32.82336578581383,-29.85093370192815,-29.70938931698121
1580166000,170.2,170.85,169.88,170.08,9718.31252,1580169599999,170.08,True,-36.4705882352939,-30.151827089808414,-29.85093370192815
1580169600,170.04,172.75,170.03,171.44,22419.0878,1580173199999,171.44,True,-18.848920863309417,-29.638058624967552,-30.151827089808414
1580173200,171.44,174.0,171.44,173.41,30317.78399,1580176799999,173.41,True,-10.10273972602745,-28.75008958410664,-29.638058624967552
1580176800,173.43,173.56,172.66,173.26,12813.64597,1580180399999,173.26,True,-14.122137404580302,-28.08518266685544,-28.75008958410664
1580180400,173.26,173.31,172.1,173.12,10792.14222,1580183999999,173.12,True,-16.793893129770876,-27.5719422333516,-28.08518266685544
1580184000,173.12,173.72,172.26,172.43,18242.83565,1580187599999,172.43,True,-31.975560081466277,-27.772106680993176,-27.5719422333516
1580187600,172.41,172.75,171.22,172.14,15695.92268,1580191199999,172.14,True,-37.88187372708788,-28.231641546724752,-27.772106680993176
1580191200,172.1,172.46,170.65,171.54,16541.23092,1580194799999,171.54,True,-50.82644628099187,-29.25867812555508,-28.231641546724752
1580194800,171.55,172.98,171.24,172.0,24513.95345,1580198399999,172.0,True,-41.32231404958675,-29.807025213011066,-29.25867812555508
1580198400,171.98,171.98,170.83,171.0,15399.47185,1580201999999,171.0,True,-68.64988558352395,-31.572609775307107,-29.807025213011066
1580202000,171.03,171.49,170.54,170.7,13056.51904,1580205599999,170.7,True,-75.51487414187662,-33.569985428333,-31.572609775307107
1580205600,170.7,172.21,170.23,171.89,14347.61173,1580209199999,171.89,True,-48.283752860412164,-34.23879303888205,-33.569985428333
1580209200,171.88,173.13,171.44,171.95,19999.63103,1580212799999,171.95,True,-46.91075514874163,-34.81479131660294,-34.23879303888205
1580212800,171.93,172.08,170.51,171.48,18734.31805,1580216399999,171.48,True,-61.1650485436895,-36.01253028147052,-34.81479131660294
1580216400,171.51,172.57,171.16,172.0,19685.12818,1580219999999,172.0,True,-50.37783375314863,-36.66549862109225,-36.01253028147052
1580220000,172.0,174.55,171.8,172.14,44363.82419,1580223599999,172.14,True,-55.78703703703734,-37.53465945818066,-36.66549862109225
1580223600,172.14,173.06,170.64,172.35,46304.63722,1580227199999,172.35,True,-50.925925925926066,-38.14335338853273,-37.53465945818066
1580227200,172.34,172.96,171.06,171.1,17444.90435,1580230799999,171.1,True,-79.8611111111111,-40.03961510319539,-38.14335338853273
1580230800,171.11,171.53,170.04,171.03,17154.59569,1580234399999,171.03,True,-78.04878048780478,-41.76730443885945,-40.03961510319539
1580234400,171.01,171.7,170.71,170.97,8056.98866,1580237999999,170.97,True,-79.37915742793786,-43.4769341201812,-41.76730443885945
1580238000,170.95,171.86,170.6,171.23,8674.56377,1580241599999,171.23,True,-73.61419068736159,-44.846809418689396,-43.4769341201812
1580241600,171.18,172.75,171.15,172.43,11613.80143,1580245199999,172.43,True,-47.00665188470057,-44.94498407623536,-44.846809418689396
1580245200,172.44,174.01,171.95,171.95,13819.0884,1580248799999,171.95,True,-57.64966740576522,-45.52246968212308,-44.94498407623536
1580248800,171.94,174.29,171.92,173.6,9552.85426,1580252399999,173.6,True,-21.064301552106716,-44.410734767122335,-45.52246968212308
1580252400,173.58,176.2,173.19,175.64,43889.35556,1580255999999,175.64,True,-9.090909090909133,-42.80528814547628,-44.410734767122335
1580256000,175.58,176.99,175.14,175.8,27001.99772,1580259599999,175.8,True,-17.122302158273307,-41.637879691512516,-42.80528814547628
1580259600,175.8,177.56,175.76,176.89,20178.21516,1580263199999,176.89,True,-8.909574468085307,-40.15022945408401,-41.637879691512516
1580263200,176.89,177.37,175.53,175.79,14554.50032,1580266799999,175.79,True,-23.537234042553294,-39.39509329901444,-40.15022945408401
1580266800,175.83,176.8,175.79,176.47,12925.45673,1580270399999,176.47,True,-14.494680851063855,-38.26325636956214,-39.39509329901444
1580270400,176.47,177.15,175.86,176.33,10791.60453,1580273999999,176.33,True,-16.356382978723246,-37.26748939725128,-38.26325636956214
1580274000,176.33,177.06,176.22,176.8,9889.75386,1580277599999,176.8,True,-10.10638297872327,-36.032893650954556,-37.26748939725128
1580277600,176.8,178.45,176.75,177.46,16085.55873,1580281199999,177.46,True,-11.771700356717968,-34.93011213758017,-36.032893650954556
1580281200,177.42,178.3,176.82,178.08,19499.68598,1580284799999,178.08,True,-4.713375796178044,-33.55662412206189,-34.93011213758017
1580284800,178.03,178.35,177.57,178.32,10069.03104,1580288399999,178.32,True,-1.656050955413956,-32.106598069032444,-33.55662412206189
1580288400,178.33,178.35,176.05,176.39,14872.28059,1580291999999,176.39,True,-28.219178082191878,-31.929897160539692,-32.106598069032444
1580292000,176.38,178.14,174.53,177.75,27430.24595,1580295599999,177.75,True,-10.71975497702892,-30.96579978856193,-31.929897160539692
1580295600,177.77,177.92,175.0,176.17,19941.23853,1580299199999,176.17,True,-34.91577335375192,-31.145344041525114,-30.96579978856193
1580299200,176.19,176.34,174.8,175.59,10141.33124,1580302799999,175.59,True,-54.3726235741443,-32.20112947482599,-31.145344041525114
1580302800,175.59,176.54,175.01,175.83,11386.71179,1580306399999,175.83,True,-66.83673469387716,-33.77547516660104,-32.20112947482599
1580306400,175.87,176.53,175.14,176.43,7457.11162,1580309999999,176.43,True,-51.53061224489766,-34.582526851978166,-33.77547516660104
1580310000,176.43,176.49,174.93,175.09,11617.08476,1580313599999,175.09,True,-85.71428571428561,-36.90669770935578,-34.582526851978166
1580313600,175.1,177.13,174.59,176.79,13267.92985,1580317199999,176.79,True,-42.34693877551025,-37.15398139418099,-36.90669770935578
1580317200,176.79,176.9,175.91,176.1,8486.02958,1580320799999,176.1,True,-59.94897959183678,-38.190117675892616,-37.15398139418099
1580320800,176.11,176.69,175.96,176.38,5377.8967,1580324399999,176.38,True,-52.806122448979586,-38.85448152921475,-38.190117675892616
1580324400,176.38,176.92,175.63,176.63,8314.16931,1580327999999,176.63,True,-46.4285714285714,-39.198758342821876,-38.85448152921475
1580328000,176.63,176.83,175.55,176.5,6439.49843,1580331599999,176.5,True,-48.429319371727686,-39.61832929868123,-39.198758342821876
1580331600,176.46,177.24,175.49,176.11,12723.92116,1580335199999,176.11,True,-58.63874345549698,-40.4828935785365,-39.61832929868123
1580335200,176.11,176.37,175.25,175.88,4909.02246,1580338799999,175.88,True,-64.65968586387443,-41.581838682415494,-40.4828935785365
1580338800,175.85,176.11,173.33,173.72,14022.62557,1580342399999,173.72,True,-91.89189189189213,-43.86865928284625,-41.581838682415494
1580342400,173.68,173.98,170.93,173.02,29183.3772,1580345999999,173.02,True,-70.10014306151632,-45.06099945460399,-43.86865928284625
1580346000,173.0,174.0,171.87,173.85,9262.6969,1580349599999,173.85,True,-53.72424722662462,-45.454783444241286,-45.06099945460399
1580349600,173.83,173.83,171.94,172.35,7666.79206,1580353199999,172.35,True,-77.4960380348655,-46.91120410745148,-45.454783444241286
1580353200,172.34,173.49,172.27,173.44,6451.73253,1580356799999,173.44,True,-60.22187004754374,-47.516234377455675,-46.91120410745148
1580356800,173.44,174.6,173.37,174.25,10408.54086,1580360399999,174.25,True,-47.385103011093626,-47.510273860802855,-47.516234377455675
1580360400,174.27,174.5,173.62,173.85,12642.02063,1580363999999,173.85,True,-53.72424722662462,-47.79272719561293,-47.510273860802855
1580364000,173.85,174.35,173.41,174.01,9231.28166,1580367599999,174.01,True,-51.188589540412316,-47.947084574922,-47.79272719561293
1580367600,174.01,176.55,174.01,176.09,19563.9123,1580371199999,176.09,True,-18.22503961965143,-46.59608253150061,-47.947084574922
1580371200,176.07,176.8,175.41,175.97,14018.82326,1580374799999,175.97,True,-20.126782884310774,-45.39293254753744,-46.59608253150061
1580374800,175.96,176.63,174.83,175.83,11288.87302,1580378399999,175.83,True,-22.34548335974637,-44.34532122081967,-45.39293254753744
1580378400,175.82,176.09,174.69,174.79,6040.39556,1580381999999,174.79,True,-38.82725832012704,-44.0945001798791,-44.34532122081967
1580382000,174.78,175.45,174.3,175.27,8580.66868,1580385599999,175.27,True,-26.06473594548552,-43.27496544195212,-44.0945001798791
1580385600,175.28,176.82,175.04,176.41,15939.06227,1580389199999,176.41,True,-6.960950764006749,-41.62432841113642,-43.27496544195212
1580389200,176.41,177.66,175.94,177.08,15959.75108,1580392799999,177.08,True,-8.618127786032465,-40.12404656454079,-41.62432841113642
1580392800,177.12,177.65,175.34,175.73,20915.52668,1580396399999,175.73,True,-33.3333333333335,-39.8153777813041,-40.12404656454079
1580396400,175.75,177.64,175.55,177.63,15319.44322,1580399999999,177.63,True,-0.5244755244755445,-38.029427678720985,-39.8153777813041
1580400000,177.62,180.37,175.0,177.73,77546.37491,1580403599999,177.73,True,-32.5925925925928,-37.7822988111697,-38.029427678720985
1580403600,177.75,180.45,177.74,179.58,41948.10765,1580407199999,179.58,True,-12.28813559322003,-36.623473210353815,-37.7822988111697
1580407200,179.58,181.34,179.56,181.09,29467.46155,1580410799999,181.09,True,-3.152585119798232,-35.10206920623765,-36.623473210353815
1580410800,181.1,182.24,180.34,181.5,21621.91784,1580414399999,181.5,True,-8.380520951302469,-33.887453376467874,-35.10206920623765
1580414400,181.49,185.52,181.49,184.73,41626.25641,1580417999999,184.73,True,-6.863596872285136,-32.65909626264139,-33.887453376467874
1580418000,184.73,185.3,183.33,185.16,14939.49321,1580421599999,185.16,True,-3.2085561497327424,-31.320435348418272,-32.65909626264139
1580421600,185.2,186.7,184.0,186.66,13712.49341,1580425199999,186.66,True,-0.32258064516122675,-29.91144195281568,-31.320435348418272
1580425200,186.67,187.0,182.97,184.69,24386.65801,1580428799999,184.69,True,-18.18897637795279,-29.37860260850373,-29.91144195281568
1580428800,184.71,185.82,183.71,184.08,13526.16409,1580432399999,184.08,True,-22.992125984251892,-29.088308216492283,-29.37860260850373
1580432400,184.09,185.1,183.2,183.99,13467.63477,1580435999999,183.99,True,-25.083333333333258,-28.90626390362142,-29.088308216492283
1580436000,183.95,184.03,181.65,183.2,18210.03776,1580439599999,183.2,True,-31.66666666666676,-29.031736756487117,-28.90626390362142
1580439600,183.22,184.31,183.07,183.42,13358.3441,1580443199999,183.42,True,-29.83333333333344,-29.068172964525587,-29.031736756487117
1580443200,183.42,183.67,181.7,182.29,15827.6395,1580446799999,182.29,True,-39.250000000000064,-29.530983284319884,-29.068172964525587
1580446800,182.27,182.73,180.52,181.26,18830.2647,1580450399999,181.26,True,-47.83333333333341,-30.36290828654777,-29.530983284319884
1580450400,181.24,183.51,180.86,183.22,12884.39216,1580453999999,183.22,True,-40.82073434125275,-30.83826401630709,-30.36290828654777
1580454000,183.16,183.26,181.78,182.48,9898.24691,1580457599999,182.48,True,-60.752688172043165,-32.198010568840544,-30.83826401630709
1580457600,182.47,183.15,181.33,182.75,10769.06119,1580461199999,182.75,True,-63.813813813813844,-33.63509253452115,-32.198010568840544
1580461200,182.74,183.58,181.95,182.21,12933.95153,1580464799999,182.21,True,-73.91975308641975,-35.466213468698356,-33.63509253452115
1580464800,182.21,182.69,180.25,181.62,24593.03829,1580468399999,181.62,True,-79.70370370370364,-37.477008479380416,-35.466213468698356
1580468400,181.62,181.62,180.44,180.9,14607.79198,1580471999999,180.9,True,-90.37037037037028,-39.88125220169814,-37.477008479380416
1580472000,180.86,180.88,176.5,178.01,50417.38271,1580475599999,178.01,True,-85.6190476190477,-41.960242902486755,-39.88125220169814
1580475600,178.01,178.87,175.22,178.23,34355.5666,1580479199999,178.23,True,-71.60377358490572,-43.30767611532398,-41.960242902486755
1580479200,178.28,178.95,176.36,177.93,16454.06275,1580482799999,177.93,True,-72.57085020242906,-44.637820392010575,-43.30767611532398
1580482800,177.9,180.05,177.73,180.04,16194.46569,1580486399999,180.04,True,-46.97469746974707,-44.74404207736224,-44.637820392010575
1580486400,180.01,180.63,177.53,178.48,22298.20605,1580489999999,178.48,True,-64.13641364136426,-45.625513512089604,-44.74404207736224
1580490000,178.49,178.97,177.9,178.43,10234.72677,1580493599999,178.43,True,-62.01183431952648,-46.370346276064005,-45.625513512089604
1580493600,178.42,179.49,178.27,179.47,8830.98685,1580497199999,179.47,True,-49.1626794258374,-46.49727051014462,-46.370346276064005
1580497200,179.47,179.95,179.05,179.41,8042.88543,1580500799999,179.41,True,-49.88038277511973,-46.651048340370764,-46.49727051014462
1580500800,179.41,180.91,179.21,180.5,14070.27204,1580504399999,180.5,True,-36.84210526315798,-46.20518729140655,-46.651048340370764
1580504400,180.49,181.2,180.15,180.95,6823.9472,1580507999999,180.95,True,-31.459330143540903,-45.53492105741266,-46.20518729140655
1580508000,181.01,182.44,180.68,181.88,8290.36991,1580511599999,181.88,True,-20.33492822966524,-44.3894668379696,-45.53492105741266
1580511600,181.89,182.0,179.25,179.99,10677.09467,1580515199999,179.99,True,-36.144578313252865,-44.014699177755205,-44.3894668379696
1580515200,179.94,181.47,179.23,181.09,9973.4255,1580518799999,181.09,True,-18.698060941828178,-42.863942894303975,-44.014699177755205
