datetime,open,high,low,close
1613865600,679.09,680.64,671.0,672.96
1613865780,672.92,674.43,667.44,668.05
1613865960,668.06,674.37,666.18,673.18
1613866140,673.17,674.78,670.97,673.77
1613866320,673.65,676.11,670.2,670.2
1613866500,670.2,677.75,670.02,677.36
1613866680,677.34,680.11,674.59,680.05
1613866860,680.0,683.26,678.1,681.39
1613867040,681.3,683.5,679.65,679.93
1613867220,679.91,681.96,679.0,680.42
1613867400,680.47,688.0,680.22,684.98
1613867580,684.98,686.05,681.33,682.03
1613867760,682.14,683.04,680.59,681.27
1613867940,681.31,682.19,680.0,680.85
1613868120,680.85,681.55,679.85,681.17
1613868300,681.18,682.48,680.27,680.51
1613868480,680.45,680.58,677.15,678.3
1613868660,678.25,680.87,676.79,678.82
1613868840,678.53,679.37,674.1,675.7
1613869020,675.46,679.27,675.11,679.27
1613869200,679.24,679.44,674.0,676.04
1613869380,675.9,680.55,675.9,679.81
1613869560,679.81,683.79,679.78,683.6
1613869740,683.67,684.62,681.75,683.08
1613869920,683.0,684.7,681.96,683.8
1613870100,684.04,684.46,680.73,681.0
1613870280,680.97,681.44,679.05,680.53
1613870460,680.53,680.95,675.78,676.18
1613870640,676.59,678.42,675.69,676.66
1613870820,676.6,678.14,676.02,676.44
1613871000,676.46,676.52,672.26,672.58
1613871180,672.65,676.63,671.92,674.49
1613871360,674.44,675.5,673.08,674.02
1613871540,673.87,677.37,673.82,674.5
1613871720,674.31,679.1,674.24,677.9
1613871900,677.85,677.96,675.72,677.32
1613872080,677.48,680.89,677.41,680.56
1613872260,680.6,681.16,679.16,680.86
1613872440,680.86,683.65,680.32,683.49
1613872620,683.44,684.86,682.69,684.37
1613872800,684.36,684.65,681.54,684.32
1613872980,684.41,685.71,682.69,685.71
1613873160,685.71,686.0,683.42,685.67
1613873340,685.83,688.04,685.38,687.84
1613873520,687.83,688.68,686.9,687.46
1613873700,687.47,689.78,686.9,688.91
1613873880,689.14,689.8,687.0,687.27
1613874060,687.1,691.68,686.64,690.85
1613874240,690.82,691.65,689.15,691.47
1613874420,691.42,694.28,690.6,691.74
1613874600,691.72,692.42,689.24,690.34
1613874780,690.34,691.23,688.01,688.55
1613874960,688.44,690.19,688.09,689.61
1613875140,689.56,689.89,688.06,688.61
1613875320,688.57,689.12,688.1,688.12
1613875500,688.28,690.58,688.22,690.31
1613875680,690.38,693.37,690.36,693.34
1613875860,693.26,693.92,689.1,689.21
1613876040,689.17,690.36,689.12,689.78
1613876220,689.79,690.54,688.23,688.41
1613876400,688.34,690.36,688.3,689.16
1613876580,689.15,689.15,686.29,688.09
1613876760,688.25,689.79,687.45,689.54
1613876940,689.63,692.53,689.48,691.9
1613877120,691.91,693.59,690.34,691.52
1613877300,691.84,692.2,689.31,689.47
1613877480,689.65,689.9,687.55,688.1
1613877660,688.1,689.32,686.97,689.05
1613877840,689.08,689.08,686.61,688.41
1613878020,688.39,689.48,687.56,688.98
1613878200,688.98,688.98,686.73,686.88
1613878380,686.92,687.98,686.63,687.63
1613878560,687.52,687.52,681.68,683.02
1613878740,683.0,685.88,682.11,683.48
1613878920,683.54,686.29,683.51,685.47
1613879100,685.33,686.34,682.9,683.92
1613879280,684.06,685.15,682.77,684.79
1613879460,684.84,685.4,683.59,683.85
1613879640,683.79,684.24,682.03,683.5
1613879820,683.46,683.91,681.0,682.38
1613880000,682.38,684.58,681.59,682.64
1613880180,682.63,682.63,678.0,679.11
1613880360,679.28,680.05,675.6,678.28
1613880540,678.28,679.5,676.04,678.36
1613880720,678.37,679.59,676.73,678.94
1613880900,678.89,681.25,678.14,681.01
1613881080,681.16,681.59,679.42,680.5
1613881260,680.41,680.83,678.33,678.55
1613881440,678.5,679.41,678.21,679.13
1613881620,679.19,680.0,678.7,679.0
1613881800,679.0,682.5,678.81,681.49
1613881980,681.31,681.51,680.27,681.24
1613882160,681.2,682.0,680.69,681.31
1613882340,681.42,681.91,679.71,681.04
1613882520,681.12,682.8,680.79,682.32
1613882700,682.37,682.65,681.53,681.67
1613882880,681.6,681.6,679.42,680.31
1613883060,680.35,683.52,680.04,683.26
1613883240,683.35,685.21,683.11,685.06
1613883420,684.94,687.72,684.94,686.52
1613883600,686.57,686.57,684.09,684.34
1613883780,684.34,685.62,683.61,684.6
1613883960,684.6,684.77,681.87,684.33
1613884140,684.16,685.59,682.7,685.05
1613884320,684.92,688.24,684.91,688.11
1613884500,688.16,688.73,685.8,686.21
1613884680,686.27,686.86,684.13,684.13
1613884860,684.13,686.82,684.08,685.19
1613885040,685.12,688.23,685.12,687.68
1613885220,687.77,688.28,686.89,687.84
1613885400,687.85,688.0,685.4,686.4
1613885580,686.4,687.69,685.4,686.9
1613885760,686.97,687.65,685.98,686.94
1613885940,686.95,686.95,684.22,684.88
1613886120,684.9,685.95,684.45,685.81
1613886300,685.75,687.37,684.72,685.84
1613886480,685.84,689.43,685.84,688.05
1613886660,688.06,688.18,685.39,685.95
1613886840,685.99,687.03,684.78,685.67
1613887020,685.71,685.71,684.67,684.85
1613887200,684.98,685.23,683.38,684.33
1613887380,684.33,685.8,683.43,684.99
1613887560,685.0,685.66,684.02,685.38
1613887740,685.29,685.47,684.59,684.8
1613887920,684.81,684.81,682.64,683.5
1613888100,683.5,684.5,682.32,682.65
1613888280,682.69,683.6,680.73,681.25
1613888460,681.4,682.74,680.42,681.1
1613888640,681.04,683.08,680.3,682.05
1613888820,682.05,682.5,681.21,681.94
1613889000,681.81,682.24,680.18,680.4
1613889180,680.39,681.47,678.25,680.75
1613889360,680.75,681.3,679.0,679.24
1613889540,679.4,679.94,678.28,678.54
1613889720,678.55,678.86,675.42,675.42
1613889900,675.51,679.0,675.0,678.78
1613890080,678.84,679.95,676.8,679.66
1613890260,679.65,679.68,677.8,679.21
1613890440,679.19,680.87,678.02,680.79
1613890620,680.8,681.5,679.98,680.57
1613890800,680.63,684.2,680.63,683.89
1613890980,683.89,685.17,682.74,684.43
1613891160,684.45,684.97,682.33,682.92
1613891340,682.92,683.86,680.34,680.86
1613891520,680.91,682.02,680.0,680.4
1613891700,680.35,680.89,677.04,679.69
1613891880,679.69,679.69,677.5,677.97
1613892060,677.96,679.36,676.0,676.66
1613892240,676.6,677.37,672.05,674.6
1613892420,674.6,674.79,671.66,671.85
1613892600,671.92,676.56,671.75,676.28
1613892780,676.28,678.79,675.53,676.77
1613892960,676.73,677.67,675.91,677.17
1613893140,677.17,678.0,676.1,676.11
1613893320,676.14,678.27,675.97,677.69
1613893500,677.75,677.75,675.58,676.46
1613893680,676.57,676.62,674.77,676.5
1613893860,676.54,677.57,674.74,675.79
1613894040,675.8,676.85,674.68,674.73
1613894220,674.89,675.68,673.27,674.28
1613894400,674.45,675.5,670.07,673.49
1613894580,673.46,681.98,673.46,681.14
1613894760,681.13,685.11,680.81,684.0
1613894940,683.97,687.14,682.35,685.07
1613895120,685.01,685.23,682.68,685.23
1613895300,685.16,685.2,680.0,681.49
1613895480,681.48,682.23,680.03,680.6
1613895660,680.6,680.74,676.91,678.11
1613895840,678.11,678.88,675.0,676.63
1613896020,676.58,678.0,676.07,677.22
1613896200,677.24,680.2,676.98,678.8
1613896380,678.72,680.93,677.93,680.52
1613896560,680.52,683.18,680.52,682.38
1613896740,682.36,684.59,682.36,682.77
1613896920,682.71,683.49,681.89,683.17
1613897100,683.14,684.37,682.14,682.44
1613897280,682.46,684.48,682.18,683.4
1613897460,683.34,683.89,682.09,682.15
1613897640,682.03,683.84,681.8,683.31
1613897820,683.3,684.4,682.68,684.4
1613898000,684.48,686.15,682.99,686.09
1613898180,686.09,686.09,684.04,684.62
1613898360,684.56,684.58,682.79,682.79
1613898540,682.77,684.32,682.48,683.13
1613898720,683.1,684.31,682.89,683.52
1613898900,683.58,684.79,682.76,684.61
1613899080,684.68,688.09,683.79,686.69
1613899260,686.73,690.99,686.4,689.95
1613899440,690.1,690.39,686.96,688.08
1613899620,688.12,689.42,687.79,687.92
1613899800,687.83,687.92,686.25,687.5
1613899980,687.5,689.0,686.55,686.86
1613900160,686.86,687.38,685.38,687.19
1613900340,687.14,687.89,685.68,686.41
1613900520,686.43,686.78,685.37,686.0
1613900700,686.1,687.83,685.78,687.83
1613900880,687.83,688.42,687.0,688.32
1613901060,688.33,689.46,687.02,688.83
1613901240,688.83,691.7,688.33,690.77
1613901420,690.9,692.14,690.37,691.29
1613901600,691.25,692.21,689.5,690.05
1613901780,689.98,690.8,689.74,690.6
1613901960,690.6,695.17,687.9,694.85
1613902140,694.85,695.07,691.9,693.13
1613902320,693.14,694.91,692.64,693.7
1613902500,693.6,696.52,692.72,693.78
1613902680,693.91,695.87,693.63,693.92
1613902860,693.92,697.0,693.92,696.67
1613903040,696.67,697.0,694.35,695.59
1613903220,695.61,697.37,695.4,697.14
1613903400,697.25,699.31,694.11,699.11
1613903580,699.19,699.41,696.94,698.19
1613903760,698.21,701.44,697.95,700.36
1613903940,700.27,701.99,699.24,699.86
1613904120,699.89,700.95,697.51,698.49
1613904300,698.52,698.59,696.94,696.94
1613904480,696.93,697.82,693.8,694.42
1613904660,694.61,697.44,694.51,696.82
1613904840,696.83,697.7,696.26,697.12
1613905020,697.12,697.78,696.15,697.43
1613905200,697.29,698.05,696.22,696.92
1613905380,696.99,700.27,696.84,697.98
1613905560,698.0,698.65,696.14,696.14
1613905740,696.19,697.77,695.19,696.0
1613905920,696.11,697.18,695.55,695.95
1613906100,695.91,697.38,695.74,696.92
1613906280,696.9,697.85,696.73,697.66
1613906460,697.67,698.55,696.63,698.53
1613906640,698.55,698.75,695.68,695.92
1613906820,695.79,696.68,694.08,696.35
1613907000,696.54,697.78,695.97,696.2
1613907180,696.17,698.2,695.61,698.1
1613907360,697.99,698.19,696.12,696.99
1613907540,697.0,698.09,696.45,697.98
1613907720,697.96,698.78,697.39,698.33
1613907900,698.25,698.34,695.93,696.09
1613908080,695.99,698.35,695.99,698.1
1613908260,698.23,699.34,697.77,698.61
1613908440,698.61,698.97,696.27,696.62
1613908620,696.63,697.5,695.0,695.25
1613908800,695.34,696.96,695.08,695.67
1613908980,695.75,696.96,695.03,695.69
1613909160,695.81,696.66,693.19,693.21
1613909340,693.25,694.21,691.4,693.36
1613909520,693.31,693.45,691.01,691.79
1613909700,691.78,693.5,691.55,692.06
1613909880,692.07,693.58,691.67,693.55
1613910060,693.58,693.87,692.49,693.09
1613910240,693.19,694.89,692.51,694.87
1613910420,694.85,696.18,694.0,695.03
1613910600,694.94,696.81,694.76,695.51
1613910780,695.51,695.98,693.0,693.12
1613910960,693.18,693.51,691.77,692.68
1613911140,692.72,693.0,691.53,691.84
1613911320,691.84,692.0,686.04,687.73
1613911500,687.83,690.11,686.1,686.1
1613911680,686.14,686.16,680.58,683.99
1613911860,684.02,685.33,682.2,682.66
1613912040,682.5,684.6,680.68,684.13
1613912220,684.14,685.94,684.0,684.77
1613912400,684.87,689.71,684.77,688.12
1613912580,688.23,689.2,686.71,689.11
1613912760,689.19,689.74,686.54,686.89
1613912940,686.82,689.33,686.72,689.2
1613913120,689.2,689.27,688.08,688.74
1613913300,688.74,689.83,688.5,688.99
1613913480,688.97,689.29,687.43,687.7
1613913660,687.71,688.65,686.17,686.83
1613913840,686.83,688.47,686.22,687.5
1613914020,687.47,688.25,686.48,687.2
1613914200,687.18,688.43,686.69,687.55
1613914380,687.57,689.73,687.37,689.25
1613914560,689.15,689.59,688.64,688.73
1613914740,688.73,688.8,686.55,686.89
1613914920,686.89,687.03,685.53,685.65
1613915100,685.65,687.72,685.59,686.98
1613915280,686.95,688.53,686.69,687.9
1613915460,687.89,688.09,686.05,686.53
1613915640,686.5,688.63,686.44,687.54
1613915820,687.54,688.08,686.48,687.69
1613916000,687.81,692.47,687.81,692.01
1613916180,691.97,692.29,689.58,690.06
1613916360,690.03,690.93,688.13,688.48
1613916540,688.4,688.81,684.43,685.92
1613916720,686.12,687.1,685.3,686.56
1613916900,686.47,686.7,681.15,682.13
1613917080,682.0,683.81,681.04,682.52
1613917260,682.45,685.79,682.45,685.4
1613917440,685.46,688.76,685.12,688.34
1613917620,688.28,688.82,686.3,687.68
1613917800,687.81,687.81,684.87,686.57
1613917980,686.62,690.87,685.72,689.9
1613918160,690.16,691.57,689.37,691.2
1613918340,691.27,691.28,689.14,689.4
1613918520,689.4,690.42,688.76,689.28
1613918700,689.22,689.84,687.18,688.76
1613918880,688.76,688.91,685.66,686.88
1613919060,686.89,687.39,685.5,686.84
1613919240,686.87,700.55,686.17,697.95
1613919420,698.08,708.39,697.6,708.09
1613919600,708.07,718.82,708.0,717.47
1613919780,717.47,721.44,711.37,719.49
1613919960,719.51,721.58,712.78,715.51
1613920140,715.34,723.79,715.34,723.16
1613920320,723.22,728.95,723.0,727.46
1613920500,727.44,730.0,721.0,721.62
1613920680,721.69,724.39,718.51,719.29
1613920860,719.26,722.0,717.11,719.44
1613921040,719.37,724.0,719.03,723.21
1613921220,723.49,723.75,716.99,721.65
1613921400,721.65,726.99,721.61,724.81
1613921580,724.8,724.99,721.04,721.73
1613921760,721.71,722.15,718.1,722.01
1613921940,722.08,727.0,722.0,726.53
1613922120,726.53,732.15,724.68,729.19
1613922300,729.24,732.91,725.65,732.53
1613922480,732.52,735.99,731.58,735.85
1613922660,735.85,738.27,728.53,732.01
1613922840,731.67,731.86,726.0,728.83
1613923020,728.83,736.5,728.66,735.73
1613923200,735.44,738.13,730.59,734.82
1613923380,734.81,734.93,725.0,726.71
1613923560,726.8,728.63,720.0,721.45
1613923740,721.25,725.58,719.31,724.15
1613923920,724.11,725.06,720.0,724.11
1613924100,724.12,724.48,720.52,722.94
1613924280,722.86,724.34,721.32,723.33
1613924460,723.35,725.0,721.84,722.34
1613924640,722.42,725.0,720.7,724.99
1613924820,725.0,725.8,722.14,722.25
1613925000,722.28,723.78,720.22,721.81
1613925180,721.85,723.15,720.07,721.12
1613925360,721.16,721.19,713.53,716.4
1613925540,716.41,716.91,712.06,715.66
1613925720,715.39,718.69,712.79,718.13
1613925900,718.5,720.06,716.33,718.6
1613926080,718.79,722.64,718.79,721.06
1613926260,721.11,723.0,720.31,722.76
1613926440,722.75,723.54,717.64,717.91
1613926620,718.1,720.13,716.61,719.41
1613926800,719.39,719.87,716.46,718.3
1613926980,718.28,718.33,715.2,717.94
1613927160,717.93,720.99,717.15,719.31
1613927340,719.33,720.58,717.88,718.17
1613927520,718.19,718.97,715.75,718.13
1613927700,718.12,721.34,717.97,719.03
1613927880,719.05,723.9,718.29,722.4
1613928060,722.41,723.5,719.6,722.01
1613928240,722.01,722.5,718.22,720.5
1613928420,720.5,720.53,718.81,719.81
1613928600,719.95,722.64,718.18,721.04
1613928780,721.26,721.79,719.54,720.99
1613928960,721.0,721.14,718.49,719.38
1613929140,719.25,721.79,717.21,720.61
1613929320,720.75,723.5,719.88,722.16
1613929500,722.16,723.98,721.45,722.66
1613929680,722.73,722.98,719.77,722.54
1613929860,722.46,724.0,721.17,722.12
1613930040,722.05,723.05,720.85,722.27
1613930220,722.24,723.16,719.92,720.98
1613930400,720.94,722.83,720.75,721.21
1613930580,721.21,722.14,719.57,720.48
1613930760,720.51,723.25,720.49,721.28
1613930940,721.36,722.0,718.71,719.81
1613931120,719.79,721.56,719.12,719.88
1613931300,719.86,721.32,719.18,720.87
1613931480,720.64,721.7,719.37,720.91
1613931660,720.99,722.65,720.98,720.98
1613931840,721.19,721.84,719.46,719.99
1613932020,719.96,720.79,716.02,716.72
1613932200,716.72,718.69,715.83,717.18
1613932380,716.94,718.76,716.44,716.79
1613932560,716.74,718.9,714.02,714.43
1613932740,714.39,717.87,713.34,717.05
1613932920,716.99,718.24,715.62,717.76
1613933100,717.52,720.47,716.28,719.83
1613933280,719.78,720.9,718.58,720.7
1613933460,720.63,722.44,719.0,722.02
1613933640,722.02,722.8,720.11,721.68
1613933820,721.68,722.48,721.04,721.43
1613934000,721.75,723.89,721.2,722.91
1613934180,722.93,724.75,721.92,723.88
1613934360,723.78,724.93,723.21,724.79
1613934540,724.81,725.03,723.27,723.49
1613934720,723.33,725.14,723.16,724.73
1613934900,724.77,725.09,722.66,724.3
1613935080,724.49,725.4,724.09,724.57
1613935260,724.76,725.06,722.51,723.07
1613935440,723.16,724.59,720.03,723.27
1613935620,723.53,724.23,723.04,723.47
1613935800,723.52,724.39,722.8,723.03
1613935980,722.97,723.79,722.35,722.47
1613936160,722.45,723.42,721.45,721.87
1613936340,721.92,722.55,720.04,721.39
1613936520,721.31,721.58,718.31,719.88
1613936700,720.06,721.23,720.06,720.89
1613936880,721.02,721.55,720.14,720.8
1613937060,720.82,721.54,720.26,720.85
1613937240,720.92,720.94,719.55,720.2
1613937420,720.24,721.2,720.02,721.07
1613937600,720.98,721.02,718.07,718.14
1613937780,718.15,718.48,717.0,717.76
1613937960,717.65,717.98,714.77,714.77
1613938140,714.78,716.69,712.9,716.02
1613938320,716.14,717.63,715.3,716.14
1613938500,716.14,717.75,716.11,717.75
1613938680,717.74,718.84,716.75,717.56
1613938860,717.55,718.48,717.06,717.06
1613939040,717.02,717.55,716.01,716.89
1613939220,716.81,716.93,715.39,716.18
1613939400,716.16,716.29,714.69,715.45
1613939580,715.46,716.1,714.12,715.34
1613939760,715.31,715.56,713.59,713.9
1613939940,713.92,714.04,711.01,713.25
1613940120,713.18,714.58,711.25,712.24
1613940300,712.27,712.48,710.41,711.01
1613940480,711.07,711.58,701.72,704.62
1613940660,704.67,707.93,701.6,701.87
1613940840,701.83,707.41,701.31,704.7
1613941020,704.9,706.91,704.46,704.57
1613941200,704.7,708.26,704.7,707.12
1613941380,707.07,707.86,697.57,703.25
1613941560,703.0,704.3,700.4,701.81
1613941740,701.81,701.82,696.51,698.15
1613941920,698.14,700.0,697.65,699.46
1613942100,699.19,702.5,697.49,702.08
1613942280,702.17,703.56,700.06,703.05
1613942460,703.05,703.05,699.3,699.56
1613942640,699.54,704.03,699.14,702.65
1613942820,702.68,703.26,701.05,701.17
1613943000,701.17,702.3,697.67,702.26
1613943180,702.26,703.88,699.91,701.14
1613943360,701.14,703.91,700.0,700.2
1613943540,700.2,702.69,699.8,702.47
1613943720,702.51,705.87,702.4,704.43
1613943900,704.32,707.91,704.29,706.43
1613944080,706.25,707.23,703.96,705.04
1613944260,705.01,706.19,702.01,704.52
1613944440,704.51,704.51,701.24,702.47
1613944620,702.55,704.65,701.43,703.47
1613944800,703.6,706.96,701.44,706.82
1613944980,706.84,711.17,706.26,711.06
1613945160,710.91,712.19,708.7,711.47
1613945340,711.54,711.86,709.46,710.42
1613945520,710.39,710.39,708.85,709.33
1613945700,709.33,709.81,709.31,709.55
1613945880,709.56,710.5,707.01,707.33
1613946060,707.33,707.96,706.62,707.87
1613946240,707.87,707.87,704.01,705.04
1613946420,705.04,705.3,703.47,703.75
1613946600,703.77,703.77,701.44,703.01
1613946780,703.01,703.51,702.09,702.13
1613946960,702.12,702.12,699.23,699.57
1613947140,699.58,701.27,696.28,701.12
1613947320,700.96,703.31,699.09,700.73
1613947500,700.64,701.11,698.56,700.94
1613947680,700.96,703.8,700.8,703.74
1613947860,703.79,705.9,702.91,705.63
1613948040,705.57,706.67,704.67,705.37
1613948220,705.65,707.09,704.8,706.63
1613948400,706.59,706.61,703.38,704.17
1613948580,704.27,706.9,703.79,706.87
1613948760,706.78,708.08,705.67,707.08
1613948940,707.03,709.33,705.77,709.07
1613949120,708.9,710.1,707.0,707.42
1613949300,707.54,707.76,705.74,705.74
1613949480,705.84,707.49,705.73,707.09
1613949660,707.17,707.17,705.9,706.28
1613949840,706.45,707.26,705.79,705.87
1613950020,705.87,707.33,705.62,707.33
1613950200,707.11,709.5,706.93,708.03
1613950380,708.13,709.24,707.62,708.63
1613950560,708.64,709.81,707.53,708.0
1613950740,707.94,709.66,707.23,709.41
1613950920,709.41,710.48,709.07,710.16
1613951100,710.16,712.81,710.16,711.9
1613951280,711.79,712.13,708.56,709.03
1613951460,709.03,709.24,708.03,708.14
1613951640,708.3,709.24,707.5,707.6
1613951820,707.49,708.74,707.17,707.65
1613952000,707.69,712.2,706.0,707.32
1613952180,707.61,709.55,700.56,701.71
1613952360,701.84,703.52,700.2,702.91
1613952540,703.0,703.63,700.42,702.81
1613952720,702.78,703.2,699.68,700.18
1613952900,700.03,701.16,696.54,698.06
1613953080,698.14,700.9,696.81,698.0
1613953260,698.0,699.11,687.3,692.23
1613953440,692.21,696.45,692.1,695.41
1613953620,695.38,696.41,693.42,694.14
1613953800,694.15,696.01,691.38,695.34
1613953980,695.28,698.24,695.15,696.03
1613954160,695.9,698.06,695.03,696.21
1613954340,696.22,697.17,694.29,694.37
1613954520,694.35,695.35,692.19,692.78
1613954700,692.83,693.11,690.78,692.24
1613954880,692.12,692.33,683.13,684.44
1613955060,684.37,686.22,682.2,682.78
1613955240,682.77,685.77,682.01,683.78
1613955420,683.73,686.8,683.2,685.0
1613955600,685.04,687.19,680.54,687.11
1613955780,687.11,692.44,687.11,691.51
1613955960,691.47,694.1,690.38,692.04
1613956140,692.12,693.53,687.97,689.2
1613956320,689.07,690.95,688.3,690.5
1613956500,690.5,693.88,690.24,691.04
1613956680,691.04,694.17,691.0,692.74
1613956860,692.74,693.0,690.51,690.83
1613957040,690.83,693.1,690.28,692.76
1613957220,692.76,693.07,691.11,692.85
1613957400,692.77,695.34,691.39,694.59
1613957580,694.48,695.84,693.21,693.4
1613957760,693.49,694.55,691.0,691.18
1613957940,691.25,691.63,690.38,691.29
1613958120,691.34,692.59,690.31,691.15
1613958300,691.29,692.36,690.0,692.08
1613958480,692.15,692.75,690.51,691.95
1613958660,691.95,695.32,691.85,694.49
1613958840,694.54,696.78,693.28,696.77
1613959020,696.77,696.94,694.19,694.68
1613959200,694.7,694.7,691.79,692.34
1613959380,692.34,692.65,689.8,690.91
1613959560,690.82,695.0,690.61,693.7
1613959740,693.77,697.02,692.59,694.71
1613959920,694.71,694.8,692.19,692.91
1613960100,692.89,692.89,690.35,690.43
1613960280,690.42,692.02,690.42,691.86
1613960460,691.88,694.27,691.0,694.27
1613960640,694.29,698.25,693.2,698.14
1613960820,698.06,698.98,696.0,696.0
1613961000,696.09,698.97,696.02,696.17
1613961180,696.17,699.83,695.69,697.7
1613961360,697.69,698.88,695.48,696.02
1613961540,696.45,696.45,694.59,695.59
1613961720,695.58,696.02,694.1,694.68
1613961900,694.74,694.86,693.36,694.33
1613962080,694.16,694.71,691.24,691.97
1613962260,691.92,693.54,691.85,692.54
1613962440,692.59,693.58,692.38,692.43
1613962620,692.47,695.76,692.47,692.9
1613962800,692.9,696.31,692.28,694.72
1613962980,694.74,695.08,692.11,693.67
1613963160,693.58,695.08,693.34,693.59
1613963340,693.44,694.29,692.82,694.06
1613963520,693.73,694.41,693.24,693.93
1613963700,693.9,693.96,690.57,692.06
1613963880,692.03,692.41,691.22,692.2
1613964060,692.21,693.1,690.53,690.83
1613964240,690.91,692.33,690.9,691.43
1613964420,691.21,691.21,687.87,688.62
1613964600,688.7,688.77,683.5,686.18
1613964780,686.13,687.85,682.6,684.43
1613964960,684.47,686.1,680.0,683.88
1613965140,683.84,685.51,682.53,683.69
1613965320,683.73,685.31,682.59,683.79
1613965500,683.74,684.6,681.03,683.64
1613965680,683.71,684.0,677.07,682.85
1613965860,682.85,683.53,671.47,671.47
1613966040,672.4,680.14,671.68,676.52
1613966220,676.43,679.27,674.58,675.76
1613966400,675.67,675.67,669.01,669.67
1613966580,669.48,671.98,665.18,669.63
1613966760,669.62,677.0,669.48,676.83
1613966940,676.95,681.3,676.67,680.52
1613967120,680.38,682.0,679.58,680.57
1613967300,680.56,681.12,676.64,676.67
1613967480,676.66,679.79,675.51,677.15
1613967660,677.14,679.94,675.53,678.91
1613967840,678.88,679.4,676.95,677.53
1613968020,677.57,678.73,673.47,673.82
1613968200,673.76,678.21,672.25,677.9
1613968380,677.8,679.8,676.03,676.53
1613968560,676.53,677.75,674.15,675.34
1613968740,675.28,677.37,672.57,672.73
1613968920,672.74,673.78,670.46,671.84
1613969100,671.86,673.25,667.22,673.01
1613969280,673.08,677.97,673.08,676.77
1613969460,676.67,678.0,675.09,677.0
1613969640,676.79,681.36,675.94,679.35
1613969820,679.24,681.29,678.75,679.7
1613970000,679.73,682.81,679.12,681.63
1613970180,681.53,682.73,680.93,682.68
1613970360,682.73,683.67,681.43,683.29
1613970540,683.28,684.78,682.1,684.56
1613970720,684.5,684.64,682.19,683.3
1613970900,683.11,683.11,679.51,679.65
1613971080,679.63,681.43,677.57,681.11
1613971260,680.92,684.17,680.29,681.5
1613971440,681.65,682.99,679.58,682.45
1613971620,682.4,683.46,681.64,683.29
1613971800,683.29,683.34,681.23,682.92
1613971980,682.93,684.04,682.03,682.27
1613972160,682.18,684.31,681.0,681.53
1613972340,681.56,683.66,680.67,683.18
1613972520,683.18,685.0,682.17,684.58
1613972700,684.71,684.98,681.0,681.36
1613972880,681.36,681.64,679.36,680.0
1613973060,680.13,680.48,678.32,679.61
1613973240,679.6,679.6,675.47,677.0
1613973420,677.0,679.8,676.53,679.79
1613973600,679.7,679.74,674.63,678.4
1613973780,678.44,681.52,678.1,679.75
1613973960,679.75,682.56,679.75,682.27
1613974140,682.26,685.76,681.61,684.69
1613974320,684.68,686.5,684.23,685.29
1613974500,685.35,688.0,685.22,686.08
1613974680,686.12,686.82,683.66,684.97
1613974860,684.62,686.0,683.12,684.7
1613975040,684.81,687.41,683.35,686.07
1613975220,686.27,687.23,685.9,686.64
1613975400,686.42,686.69,683.04,684.34
1613975580,684.31,685.55,682.81,683.52
1613975760,683.39,685.51,683.39,684.37
1613975940,684.41,685.61,683.73,685.21
1613976120,685.12,687.51,684.96,685.75
1613976300,685.81,687.99,685.47,685.65
1613976480,685.64,688.72,685.0,686.55
1613976660,686.45,689.54,686.3,689.54
1613976840,689.44,694.27,689.25,690.1
1613977020,690.28,690.84,686.36,687.61
1613977200,687.44,687.67,683.38,684.08
1613977380,683.73,685.7,680.1,684.36
1613977560,684.23,684.27,681.54,683.04
1613977740,683.09,683.09,680.38,681.12
1613977920,681.05,686.87,680.5,686.6
1613978100,686.61,686.61,683.09,684.81
1613978280,684.6,688.57,684.07,688.29
1613978460,688.42,691.68,687.01,691.0
1613978640,690.99,691.95,689.59,690.44
1613978820,690.44,691.95,689.86,690.24
1613979000,690.2,692.64,689.26,689.56
1613979180,689.61,691.0,687.28,687.89
1613979360,687.83,690.16,687.32,689.42
1613979540,689.51,690.76,687.76,688.99
1613979720,689.0,691.41,688.89,690.82
1613979900,690.77,690.94,688.55,688.77
1613980080,688.91,689.59,688.17,688.8
1613980260,688.79,689.47,688.02,688.83
1613980440,688.83,688.83,687.0,687.28
1613980620,687.32,689.55,687.17,688.51
1613980800,688.6,690.68,687.18,687.18
1613980980,687.27,688.12,685.45,685.95
1613981160,685.92,687.0,685.12,686.04
1613981340,686.02,686.6,685.24,685.79
1613981520,685.86,686.07,683.12,683.34
1613981700,683.33,692.97,683.0,691.09
1613981880,691.13,693.15,688.3,688.87
1613982060,688.87,689.19,687.46,688.48
1613982240,688.46,690.42,687.06,689.02
1613982420,689.03,689.47,687.5,687.84
1613982600,687.83,689.0,686.2,687.04
1613982780,687.04,688.19,685.8,686.39
1613982960,686.65,687.38,684.12,684.16
1613983140,684.12,685.92,683.58,684.86
1613983320,684.86,685.13,684.06,684.44
1613983500,684.74,686.81,683.81,686.65
1613983680,686.53,686.54,683.58,684.2
1613983860,684.04,684.33,680.84,682.22
1613984040,682.32,682.58,680.18,680.18
1613984220,680.18,681.63,678.19,679.46
1613984400,679.42,681.78,679.0,681.61
1613984580,681.74,681.81,678.62,678.97
1613984760,678.69,679.27,677.64,679.19
1613984940,679.18,680.63,678.48,679.04
1613985120,679.24,679.9,678.0,678.32
1613985300,678.38,678.63,676.64,677.5
1613985480,677.39,678.36,675.88,678.29
1613985660,678.24,678.24,677.08,677.73
1613985840,677.68,683.17,677.2,682.51
1613986020,682.43,685.09,682.24,684.37
1613986200,684.37,686.83,683.31,684.25
1613986380,684.2,684.2,680.01,681.0
1613986560,680.88,680.88,671.66,676.14
1613986740,675.96,678.22,673.43,676.19
1613986920,676.09,678.64,675.59,676.58
1613987100,676.54,680.2,675.56,676.14
1613987280,676.12,676.14,673.6,674.49
1613987460,674.58,674.6,667.07,667.75
1613987640,667.74,670.68,666.23,666.71
1613987820,666.59,668.81,662.0,668.33
1613988000,668.11,671.7,665.75,670.45
1613988180,670.44,670.49,660.01,664.48
1613988360,664.49,666.77,658.01,658.69
1613988540,658.74,661.45,643.09,649.26
1613988720,649.27,659.17,647.06,659.17
1613988900,659.19,661.0,655.59,658.57
1613989080,658.57,659.45,652.0,655.72
1613989260,655.8,659.0,653.33,658.62
1613989440,658.81,659.8,655.23,657.9
1613989620,657.77,657.99,653.0,655.85
1613989800,656.06,662.98,656.01,661.0
1613989980,661.09,663.05,660.88,662.04
1613990160,661.96,664.03,661.84,662.75
1613990340,662.78,663.03,658.13,658.48
1613990520,658.36,664.3,657.44,661.56
1613990700,661.56,665.0,660.57,664.17
1613990880,664.17,664.41,662.2,662.79
1613991060,662.8,663.02,659.19,659.19
1613991240,659.19,662.82,658.39,661.67
1613991420,661.64,661.74,657.72,660.8
1613991600,660.63,665.85,659.35,665.54
1613991780,665.54,666.0,664.08,664.82
1613991960,664.98,667.23,664.98,666.48
1613992140,666.47,666.63,663.1,664.33
1613992320,664.28,664.97,660.84,661.74
1613992500,661.8,664.08,660.55,662.23
1613992680,662.22,663.09,659.67,660.28
1613992860,660.28,661.36,656.41,657.35
1613993040,657.35,658.09,655.12,657.11
1613993220,657.07,660.53,656.0,657.87
1613993400,657.61,662.75,656.8,660.63
1613993580,660.58,663.45,660.58,663.39
1613993760,663.28,664.1,661.61,661.96
1613993940,662.04,663.31,660.08,660.43
1613994120,660.47,660.47,657.37,658.6
1613994300,658.47,661.44,657.28,658.12
1613994480,658.15,660.18,658.04,659.31
1613994660,659.27,661.1,657.4,657.8
1613994840,657.66,657.88,653.66,655.0
1613995020,654.98,656.87,652.32,652.6
1613995200,652.84,655.75,650.12,652.56
1613995380,652.31,654.45,647.08,648.62
1613995560,648.61,648.93,640.01,648.18
1613995740,648.18,652.04,646.52,647.09
1613995920,647.49,647.74,640.0,641.38
1613996100,641.31,643.88,632.78,639.52
1613996280,639.63,640.79,632.03,633.17
1613996460,633.22,643.61,628.0,641.58
1613996640,641.62,647.28,638.24,647.2
1613996820,647.21,649.0,645.34,648.07
1613997000,648.02,651.41,646.2,649.22
1613997180,649.27,649.39,643.84,648.53
1613997360,648.51,650.0,647.72,648.6
1613997540,648.67,650.0,648.07,648.3
1613997720,648.26,649.72,644.16,644.96
1613997900,644.99,646.34,641.12,641.56
1613998080,641.87,643.3,638.39,641.34
1613998260,641.43,641.74,635.49,637.39
1613998440,637.42,648.72,636.0,647.63
1613998620,647.64,648.44,644.36,646.87
1613998800,646.99,649.05,645.38,646.49
1613998980,646.51,651.5,645.75,650.82
1613999160,650.85,651.49,648.15,650.03
1613999340,650.1,650.88,646.8,648.66
1613999520,648.6,648.6,644.32,646.39
1613999700,646.33,646.33,642.2,642.78
1613999880,642.78,645.29,638.6,640.56
1614000060,640.68,641.95,637.39,639.33
1614000240,639.28,642.07,635.9,641.4
1614000420,641.35,643.31,639.55,641.25
1614000600,641.45,643.0,637.23,638.65
1614000780,638.58,644.63,637.84,644.07
1614000960,643.97,647.0,643.26,644.92
1614001140,644.92,646.97,643.05,645.49
1614001320,645.53,645.53,642.42,644.8
1614001500,644.8,646.04,641.67,642.02
1614001680,642.11,642.32,638.11,638.54
1614001860,638.54,638.56,630.79,634.03
1614002040,634.3,634.3,627.5,627.89
1614002220,627.94,629.22,616.57,619.57
1614002400,619.59,630.73,619.56,626.28
1614002580,626.1,630.0,626.02,628.4
1614002760,628.25,628.27,604.53,606.58
1614002940,606.59,608.17,595.12,606.09
1614003120,606.14,606.96,531.0,554.44
1614003300,554.44,565.64,516.16,542.29
1614003480,541.92,550.82,527.34,548.04
1614003660,549.91,566.33,543.32,565.74
1614003840,565.82,567.0,555.24,563.2
1614004020,563.7,583.01,561.64,578.87
1614004200,578.51,588.19,572.44,586.86
1614004380,586.78,594.51,580.28,594.0
1614004560,593.77,597.19,589.59,589.59
1614004740,589.6,594.63,584.87,591.13
1614004920,591.41,605.44,589.23,601.0
1614005100,600.82,611.24,600.54,607.36
1614005280,607.27,610.65,601.28,607.3
1614005460,606.94,608.88,601.74,607.29
1614005640,607.47,618.85,606.52,616.48
1614005820,616.95,619.22,610.08,617.52
1614006000,617.52,625.0,613.91,624.42
1614006180,624.59,624.75,612.14,612.34
1614006360,613.17,617.93,593.56,602.38
1614006540,602.37,612.33,601.38,606.65
1614006720,606.59,608.75,598.6,604.86
1614006900,604.52,604.6,589.69,592.79
1614007080,592.21,605.37,591.2,599.43
1614007260,599.43,602.52,594.59,602.52
1614007440,602.22,607.58,597.8,599.9
1614007620,599.96,600.16,593.4,594.02
1614007800,594.03,600.84,591.49,599.52
1614007980,599.64,603.46,597.26,598.6
1614008160,598.48,602.47,596.08,600.25
1614008340,600.24,605.58,597.97,605.11
1614008520,605.46,609.2,601.35,608.55
1614008700,608.67,610.77,606.09,607.22
1614008880,607.2,608.86,603.37,603.5
1614009060,603.51,607.91,602.08,607.2
1614009240,607.2,608.32,604.39,604.84
1614009420,604.84,608.37,604.18,608.02
1614009600,607.62,608.51,600.64,604.4
1614009780,604.4,606.38,600.03,604.56
1614009960,604.26,613.83,603.84,611.84
1614010140,611.69,618.44,611.53,618.44
1614010320,618.37,620.61,616.6,620.02
1614010500,620.11,620.57,615.31,619.21
1614010680,619.17,620.4,616.23,620.25
1614010860,619.81,621.8,618.37,620.19
1614011040,620.25,621.34,615.09,615.73
1614011220,615.76,617.5,613.68,616.86
1614011400,616.99,620.4,614.45,619.99
1614011580,620.0,622.33,619.02,620.35
1614011760,620.18,620.48,617.25,617.47
1614011940,617.53,619.34,616.47,617.32
1614012120,617.13,620.39,616.74,618.51
1614012300,618.39,621.3,617.3,619.08
1614012480,618.86,620.59,615.39,615.43
1614012660,615.41,617.43,614.5,614.5
1614012840,614.58,615.0,610.8,612.62
1614013020,612.38,613.44,610.16,612.4
1614013200,612.22,613.26,605.0,606.24
1614013380,606.12,611.0,605.66,609.19
1614013560,609.14,610.73,605.75,606.65
1614013740,606.65,607.78,603.0,603.84
1614013920,603.78,605.12,596.91,598.99
1614014100,598.84,606.42,598.84,606.37
1614014280,606.25,606.59,600.8,603.17
1614014460,603.04,606.26,602.52,602.52
1614014640,602.63,607.38,602.41,606.35
1614014820,606.49,607.51,603.68,604.95
1614015000,604.94,607.5,602.87,603.46
1614015180,603.47,603.47,599.17,599.22
1614015360,599.22,602.96,599.09,600.58
1614015540,600.68,602.18,598.94,601.27
1614015720,601.3,602.69,599.19,601.08
1614015900,601.05,601.78,597.09,599.33
1614016080,599.2,604.31,598.62,603.42
1614016260,603.77,603.95,598.19,599.17
1614016440,599.03,600.22,595.75,596.61
1614016620,596.5,597.18,592.7,594.91
1614016800,594.87,599.82,592.95,593.36
1614016980,593.47,594.58,590.55,591.87
1614017160,591.63,593.61,586.85,591.5
1614017340,591.42,592.78,587.63,589.83
1614017520,589.84,590.22,586.09,588.98
1614017700,589.09,594.94,588.62,591.92
1614017880,591.83,600.45,591.77,597.54
1614018060,597.55,598.45,595.34,598.24
1614018240,598.24,600.29,596.61,599.85
1614018420,599.85,601.92,598.06,599.85
1614018600,600.04,600.89,593.08,595.14
1614018780,595.27,600.59,595.27,599.9
1614018960,599.97,600.46,598.48,599.48
1614019140,599.52,600.74,598.53,600.44
1614019320,600.44,605.49,600.44,604.06
1614019500,604.13,605.45,602.4,602.52
1614019680,602.68,603.41,600.16,600.46
1614019860,600.5,601.89,597.55,598.95
1614020040,598.94,600.33,597.55,598.79
1614020220,598.93,603.4,598.93,603.4
1614020400,603.48,603.54,597.65,602.07
1614020580,602.18,605.59,601.15,603.53
1614020760,603.46,607.28,602.2,604.85
1614020940,604.79,606.81,604.19,606.29
1614021120,606.28,609.77,604.93,608.65
1614021300,608.65,609.43,607.0,608.11
1614021480,608.09,609.41,605.96,606.61
1614021660,606.56,608.67,605.76,606.03
1614021840,606.01,611.54,606.01,611.54
1614022020,611.55,613.65,610.66,611.82
1614022200,611.81,615.46,610.46,614.58
1614022380,614.74,615.21,610.79,611.94
1614022560,611.81,614.98,611.81,613.47
1614022740,613.47,614.66,611.28,613.5
1614022920,613.74,614.3,611.03,611.75
1614023100,611.64,612.39,607.93,608.46
1614023280,608.47,610.43,607.94,609.4
1614023460,609.4,612.48,609.39,612.25
1614023640,612.01,613.0,610.76,611.86
1614023820,611.79,613.64,611.0,611.02
1614024000,611.03,615.0,609.6,614.6
1614024180,614.61,617.0,613.25,616.28
1614024360,616.31,617.91,615.0,617.66
1614024540,617.69,618.56,616.0,617.93
1614024720,617.93,619.47,615.69,617.19
1614024900,617.34,619.17,615.87,618.7
1614025080,618.65,620.96,618.07,619.03
1614025260,619.07,621.63,618.83,619.59
1614025440,619.59,619.87,615.42,619.0
1614025620,618.96,621.46,618.25,619.12
1614025800,619.08,623.6,618.8,623.44
1614025980,623.45,623.55,619.67,619.67
1614026160,619.62,620.3,618.02,619.36
1614026340,619.43,620.57,618.0,619.56
1614026520,619.73,623.83,619.51,623.35
1614026700,623.62,623.82,621.09,622.39
1614026880,622.24,625.65,621.01,621.59
1614027060,621.49,624.12,620.36,623.12
1614027240,623.13,624.46,620.7,621.3
1614027420,621.3,622.38,616.7,618.06
1614027600,618.07,619.57,617.28,618.19
1614027780,618.17,622.44,618.17,622.3
1614027960,622.39,627.41,622.12,627.39
1614028140,627.4,627.62,625.28,625.63
1614028320,625.62,626.55,624.34,625.68
1614028500,625.73,626.56,624.38,624.99
1614028680,625.03,628.73,623.9,628.18
1614028860,628.4,628.6,625.1,627.51
1614029040,627.45,627.71,625.55,625.71
1614029220,625.74,627.81,625.74,627.13
1614029400,627.15,628.76,627.14,627.98
1614029580,628.05,628.53,626.0,626.62
1614029760,626.37,629.87,624.3,629.65
1614029940,629.62,629.75,625.7,627.48
1614030120,627.43,629.52,626.69,627.59
1614030300,627.59,629.25,627.34,628.97
1614030480,628.95,629.96,627.18,627.7
1614030660,627.68,628.32,626.28,626.76
1614030840,626.85,627.64,625.85,626.56
1614031020,626.57,629.89,626.57,629.43
1614031200,629.49,629.61,625.74,628.49
1614031380,628.5,629.42,627.82,628.67
1614031560,628.67,628.84,625.5,625.94
1614031740,625.98,626.7,622.23,622.55
1614031920,622.43,625.79,622.43,624.73
1614032100,624.72,624.91,623.85,624.91
1614032280,624.9,626.01,624.09,626.01
1614032460,626.01,626.61,624.43,624.68
1614032640,624.68,625.05,623.13,623.35
1614032820,623.38,624.21,623.06,623.39
1614033000,623.33,623.39,615.92,617.17
1614033180,617.18,623.67,616.76,623.66
1614033360,623.67,625.08,620.8,621.56
1614033540,621.54,624.24,620.0,623.45
1614033720,623.45,626.18,623.42,624.51
1614033900,624.5,627.55,624.15,627.17
1614034080,627.11,627.13,624.34,625.07
1614034260,625.07,626.89,624.17,625.99
1614034440,625.99,626.96,624.15,626.49
1614034620,626.58,627.09,625.19,625.4
1614034800,625.47,627.76,625.31,627.04
1614034980,627.04,630.56,627.04,629.96
1614035160,630.04,630.33,626.9,627.11
1614035340,627.11,627.84,622.37,623.24
1614035520,623.39,623.82,618.67,620.3
1614035700,620.2,621.39,617.27,619.21
1614035880,619.21,619.94,613.27,615.41
1614036060,615.49,618.34,615.33,616.76
1614036240,616.73,616.95,614.45,615.37
1614036420,615.44,619.0,615.04,617.19
1614036600,617.28,620.98,617.28,620.45
1614036780,620.64,623.37,619.37,623.37
1614036960,623.27,627.5,622.05,627.26
1614037140,627.02,628.15,625.0,626.75
1614037320,627.27,627.91,625.84,625.84
1614037500,625.84,629.33,625.84,627.31
1614037680,627.23,627.73,625.83,626.81
1614037860,626.77,629.22,626.16,629.1
1614038040,628.98,630.14,627.71,628.86
1614038220,628.94,630.0,627.82,628.6
1614038400,628.5,632.95,624.49,624.75
1614038580,624.87,625.19,618.4,619.1
1614038760,619.15,620.0,616.9,617.57
1614038940,617.77,618.2,614.27,615.15
1614039120,615.16,618.57,614.5,614.5
1614039300,614.51,616.64,614.1,614.4
1614039480,614.31,620.25,614.31,620.25
1614039660,620.26,621.33,618.8,620.2
1614039840,620.17,621.97,620.0,620.44
1614040020,620.5,620.5,617.5,618.69
1614040200,618.78,621.98,618.38,619.61
1614040380,619.6,621.9,618.17,621.06
1614040560,621.07,622.85,620.4,622.14
1614040740,622.07,622.49,619.8,620.43
1614040920,620.53,620.68,618.81,619.41
1614041100,619.42,619.76,617.19,617.8
1614041280,617.86,619.19,617.01,617.61
1614041460,617.68,618.58,613.58,613.89
1614041640,613.84,614.59,610.68,612.24
1614041820,612.23,613.96,610.57,611.72
1614042000,611.73,620.82,611.73,620.7
1614042180,620.69,623.24,619.81,620.51
1614042360,620.52,621.18,616.02,616.72
1614042540,616.81,619.6,614.4,615.33
1614042720,615.02,615.27,611.71,611.72
1614042900,611.7,615.11,611.31,614.6
1614043080,614.38,616.51,614.04,614.43
1614043260,614.33,614.35,611.0,611.59
1614043440,611.76,611.76,603.01,604.26
1614043620,604.24,605.64,600.0,602.99
1614043800,602.68,606.29,602.28,604.8
1614043980,604.8,607.97,604.8,607.88
1614044160,607.88,608.56,603.18,603.76
1614044340,603.72,607.56,603.72,604.29
1614044520,604.29,606.28,602.15,604.65
1614044700,604.83,606.1,598.92,599.35
1614044880,599.3,601.69,596.77,600.57
1614045060,600.38,602.42,595.67,595.69
1614045240,595.7,599.19,595.5,599.18
1614045420,599.19,599.19,593.14,598.08
1614045600,598.07,602.57,597.88,598.05
1614045780,598.28,601.0,595.0,599.56
1614045960,599.43,600.79,595.51,598.54
1614046140,598.71,600.6,597.02,599.81
1614046320,599.84,602.61,598.26,601.46
1614046500,601.56,603.24,600.45,601.4
1614046680,601.35,602.59,598.45,599.17
1614046860,598.97,600.83,596.6,599.19
1614047040,598.88,598.88,593.46,594.7
1614047220,594.38,595.42,592.71,593.29
1614047400,593.41,599.06,593.35,596.75
1614047580,596.8,597.63,593.49,596.97
1614047760,597.11,597.54,590.31,591.46
1614047940,591.52,592.13,582.98,583.6
1614048120,583.18,587.88,582.11,586.03
1614048300,586.25,590.61,584.63,589.49
1614048480,589.62,592.3,588.1,589.37
1614048660,589.35,591.25,584.69,586.86
1614048840,586.87,588.98,581.92,582.76
1614049020,582.69,585.52,578.88,583.39
1614049200,583.53,593.87,583.41,593.4
1614049380,593.47,598.72,591.98,597.48
1614049560,597.04,599.38,594.64,595.2
1614049740,595.4,601.64,595.27,599.93
1614049920,600.0,601.61,598.02,599.8
1614050100,599.8,602.59,599.56,601.36
1614050280,601.59,602.09,597.27,597.27
1614050460,597.27,599.57,595.02,595.69
1614050640,596.17,596.17,590.28,591.0
1614050820,590.87,594.62,590.35,591.66
1614051000,591.61,594.07,588.17,589.19
1614051180,589.22,589.28,583.4,586.71
1614051360,586.69,592.0,586.22,587.4
1614051540,587.53,592.63,587.25,591.81
1614051720,591.97,591.97,588.7,590.74
1614051900,590.62,593.93,590.28,592.49
1614052080,592.44,596.36,591.21,595.79
1614052260,595.93,598.28,593.74,597.64
1614052440,597.67,597.96,595.17,595.17
1614052620,595.2,595.2,589.0,590.34
1614052800,590.11,595.11,588.55,591.2
1614052980,591.11,592.43,586.91,587.84
1614053160,587.81,590.47,586.37,590.12
1614053340,590.05,594.85,590.05,594.75
1614053520,594.75,597.39,594.57,596.72
1614053700,596.69,601.06,596.54,597.58
1614053880,597.62,597.98,593.36,596.38
1614054060,596.59,598.32,593.23,593.39
1614054240,593.59,596.48,592.55,592.55
1614054420,592.55,594.29,590.55,590.76
1614054600,590.83,593.74,590.76,593.62
1614054780,593.63,593.91,586.7,588.33
1614054960,588.53,588.54,583.17,583.17
1614055140,583.17,583.95,575.75,576.61
1614055320,576.61,583.11,575.48,580.87
1614055500,580.75,581.14,573.0,575.91
1614055680,575.73,578.9,573.0,574.41
1614055860,574.41,576.5,568.12,576.5
1614056040,576.5,581.41,574.1,579.49
1614056220,579.17,581.67,577.33,581.24
1614056400,581.15,581.28,574.24,574.75
1614056580,574.75,580.58,568.49,579.75
1614056760,579.79,580.14,571.94,574.44
1614056940,574.45,574.78,570.93,571.61
1614057120,571.69,571.9,563.24,566.19
1614057300,566.07,571.04,561.52,570.86
1614057480,570.93,571.0,562.06,563.98
1614057660,564.0,569.14,558.37,558.86
1614057840,559.19,559.66,547.92,550.46
1614058020,550.22,561.89,548.0,561.22
1614058200,561.29,565.92,550.6,565.32
1614058380,565.31,571.52,563.39,571.38
1614058560,571.5,576.0,570.52,573.03
1614058740,573.28,575.03,570.39,573.31
1614058920,573.25,573.25,561.1,565.78
1614059100,565.99,574.84,563.48,574.4
1614059280,574.36,574.49,570.33,570.33
1614059460,570.29,575.87,569.52,575.31
1614059640,575.43,575.74,571.4,572.08
1614059820,572.4,574.38,569.6,569.6
1614060000,569.58,569.64,561.94,563.02
1614060180,563.26,569.19,563.26,566.57
1614060360,566.57,567.46,550.91,566.27
1614060540,566.47,570.51,566.07,569.25
1614060720,569.08,575.91,568.77,575.74
1614060900,575.79,579.89,573.76,578.96
1614061080,579.23,580.0,576.82,577.84
1614061260,577.98,579.71,576.2,576.62
1614061440,577.03,577.03,572.79,574.86
1614061620,574.8,579.51,573.97,575.38
1614061800,575.05,576.42,572.28,574.94
1614061980,574.97,575.02,570.66,571.51
1614062160,571.72,571.72,566.99,567.92
1614062340,567.95,569.78,566.0,569.25
1614062520,569.07,569.37,565.17,567.09
1614062700,567.37,569.8,563.91,564.7
1614062880,564.65,570.34,564.33,569.84
1614063060,569.72,569.72,562.62,562.62
1614063240,562.72,565.54,560.81,561.35
1614063420,561.46,564.16,558.98,559.24
1614063600,559.15,565.87,556.0,565.34
1614063780,565.53,569.14,563.76,568.85
1614063960,568.81,570.76,567.72,569.37
1614064140,569.53,569.57,563.38,564.62
1614064320,564.66,565.42,560.71,560.72
1614064500,560.71,563.02,558.39,562.65
1614064680,562.65,568.51,562.36,565.68
1614064860,565.65,566.11,560.31,560.88
1614065040,560.87,565.03,560.0,561.32
1614065220,561.4,566.06,560.6,564.97
1614065400,564.97,568.64,562.17,567.96
1614065580,567.81,569.82,566.41,567.32
1614065760,567.2,568.19,564.76,565.7
1614065940,565.77,568.97,563.29,568.85
1614066120,568.83,570.99,567.26,570.42
1614066300,570.38,571.62,566.63,567.29
1614066480,567.26,569.0,565.82,566.61
1614066660,566.36,567.08,563.42,563.74
1614066840,563.64,564.87,560.33,560.39
1614067020,560.51,562.97,558.81,560.13
1614067200,560.06,565.17,556.85,558.82
1614067380,558.77,559.82,551.56,553.33
1614067560,553.3,555.3,549.62,550.53
1614067740,550.52,554.0,543.7,547.06
1614067920,547.1,551.35,543.28,547.09
1614068100,547.12,547.27,538.43,538.64
1614068280,538.94,548.72,537.63,547.59
1614068460,547.81,550.95,540.53,541.62
1614068640,541.43,542.8,531.95,532.55
1614068820,532.42,534.86,515.61,517.59
1614069000,517.13,535.49,515.75,535.44
1614069180,535.44,543.0,534.99,539.58
1614069360,539.58,540.78,531.87,537.08
1614069540,537.29,541.84,535.53,536.56
1614069720,536.04,536.36,523.0,523.34
1614069900,523.33,530.82,517.78,528.91
1614070080,528.96,529.37,519.35,527.17
1614070260,527.21,527.89,519.34,520.88
1614070440,520.88,523.71,493.11,499.3
1614070620,499.63,501.54,474.47,476.61
1614070800,476.61,499.97,471.65,493.93
1614070980,494.81,499.67,487.9,489.71
1614071160,489.71,489.72,447.62,449.67
1614071340,449.67,454.66,405.0,408.06
1614071520,408.28,459.34,407.31,458.39
1614071700,458.4,472.81,453.94,472.37
1614071880,472.38,481.28,462.26,481.28
1614072060,480.78,481.28,465.0,467.96
1614072240,468.01,483.69,466.21,482.02
1614072420,482.11,495.07,477.01,490.32
1614072600,490.47,495.5,480.0,493.54
1614072780,494.64,496.92,489.82,494.68
1614072960,494.68,498.29,481.21,485.67
1614073140,485.69,491.29,482.0,486.37
1614073320,486.17,488.57,479.74,487.83
1614073500,487.95,488.1,480.32,487.04
1614073680,487.18,495.85,486.74,494.22
1614073860,494.23,494.23,488.16,490.54
1614074040,490.59,494.5,489.35,492.08
1614074220,491.85,499.98,490.45,499.14
1614074400,498.86,507.04,496.44,506.02
1614074580,505.92,507.02,501.58,502.01
1614074760,501.94,504.47,500.19,503.14
1614074940,502.92,508.09,500.14,500.14
1614075120,500.53,502.25,496.55,497.35
1614075300,497.26,499.64,490.55,492.46
1614075480,492.45,493.14,483.92,486.45
1614075660,486.4,493.66,483.92,493.48
1614075840,493.25,497.55,493.0,495.07
1614076020,495.05,496.64,490.31,490.94
1614076200,490.91,491.34,478.54,479.41
1614076380,479.59,485.43,477.98,483.77
1614076560,483.79,485.58,477.22,478.69
1614076740,478.8,478.8,467.65,475.97
1614076920,476.13,484.69,474.54,484.31
1614077100,484.38,486.54,477.41,479.78
1614077280,479.37,479.89,475.45,476.92
1614077460,476.8,485.37,476.64,479.94
1614077640,479.91,486.74,478.17,486.32
1614077820,486.76,490.0,485.49,489.75
1614078000,489.56,496.9,484.82,495.68
1614078180,495.87,496.07,491.33,492.11
1614078360,492.13,493.16,489.33,491.24
1614078540,491.2,496.47,491.2,494.46
1614078720,494.58,495.49,492.6,494.18
1614078900,494.19,494.94,482.82,484.83
1614079080,484.72,487.49,480.31,480.54
1614079260,480.31,482.51,479.58,481.28
1614079440,481.07,481.38,470.0,476.61
1614079620,476.61,481.46,475.0,481.0
1614079800,481.19,483.0,476.08,476.8
1614079980,476.83,480.83,472.57,472.72
1614080160,472.57,474.27,456.36,464.65
1614080340,464.94,473.52,460.38,468.69
1614080520,468.58,469.08,456.37,456.73
1614080700,456.91,469.8,448.54,469.62
1614080880,469.66,477.0,462.97,471.96
1614081060,471.89,478.54,470.13,474.72
1614081240,475.05,477.72,471.26,474.16
1614081420,474.14,482.44,472.7,480.84
1614081600,480.81,482.53,475.06,480.86
1614081780,481.15,486.5,480.6,484.18
1614081960,484.19,484.88,476.06,478.94
1614082140,479.09,484.38,478.95,483.98
1614082320,483.98,488.8,482.52,487.74
1614082500,487.63,492.25,486.39,489.74
1614082680,489.69,490.82,484.63,487.64
1614082860,487.69,490.68,483.68,484.42
1614083040,484.34,484.51,477.98,478.04
1614083220,477.96,479.26,475.14,475.39
1614083400,475.15,475.93,465.85,468.22
1614083580,467.84,475.5,465.46,473.51
1614083760,473.46,489.72,472.98,489.19
1614083940,488.98,493.98,484.05,485.46
1614084120,485.85,489.96,481.1,482.99
1614084300,482.93,490.61,482.62,486.16
1614084480,486.17,492.8,485.21,486.41
1614084660,486.34,496.67,486.31,495.33
1614084840,495.51,501.65,493.54,500.58
1614085020,500.58,501.26,490.4,491.41
1614085200,491.69,493.5,487.68,493.26
1614085380,493.47,503.06,493.35,496.92
1614085560,496.79,502.74,495.19,502.26
1614085740,502.3,505.45,499.26,504.88
1614085920,504.65,509.0,502.51,508.96
1614086100,508.96,511.16,504.45,506.94
1614086280,506.8,510.75,503.8,509.74
1614086460,509.45,512.28,501.87,503.0
1614086640,502.98,504.91,498.83,500.14
1614086820,500.04,508.99,499.49,508.51
1614087000,508.44,511.56,502.97,511.15
1614087180,511.19,514.45,508.09,512.26
1614087360,512.31,514.46,506.57,508.14
1614087540,508.3,509.83,502.44,502.92
1614087720,502.94,504.83,499.84,500.32
1614087900,500.58,508.01,499.87,506.19
1614088080,506.17,507.59,505.45,506.42
1614088260,506.54,510.54,506.47,509.97
1614088440,509.96,510.97,505.85,506.79
1614088620,506.56,508.91,504.24,508.12
1614088800,508.08,508.79,505.17,505.59
1614088980,505.63,511.03,504.95,510.74
1614089160,510.65,515.84,509.44,515.3
1614089340,515.27,518.4,514.32,516.74
1614089520,516.74,517.58,514.89,515.53
1614089700,515.48,517.93,511.49,517.74
1614089880,517.72,518.74,512.08,512.29
1614090060,512.13,513.88,507.77,508.04
1614090240,508.06,511.05,507.38,507.99
1614090420,507.69,507.84,502.96,504.6
1614090600,504.76,508.99,504.37,507.09
1614090780,506.98,507.61,501.79,501.79
1614090960,501.81,503.59,494.0,495.96
1614091140,495.93,501.24,494.37,498.19
1614091320,498.18,498.32,489.12,489.75
1614091500,489.74,500.98,489.6,497.54
1614091680,497.83,497.83,486.81,486.84
1614091860,486.85,494.25,484.76,492.96
1614092040,493.11,497.95,492.36,496.6
1614092220,497.04,501.45,495.65,497.31
1614092400,497.33,500.65,490.0,498.35
1614092580,498.41,509.15,497.75,506.34
1614092760,506.1,514.02,505.14,509.57
1614092940,509.53,514.74,508.98,512.19
1614093120,511.91,512.22,507.79,508.3
1614093300,508.29,510.28,504.18,510.26
1614093480,509.99,516.2,507.23,515.72
1614093660,515.73,516.57,513.55,514.96
1614093840,514.94,516.16,509.82,513.62
1614094020,513.5,513.75,511.01,512.69
1614094200,512.69,512.96,507.94,508.07
1614094380,508.46,515.14,507.13,515.04
1614094560,515.04,517.39,512.22,517.0
1614094740,516.88,518.02,514.9,516.37
1614094920,516.44,519.29,516.44,518.0
1614095100,517.84,521.87,515.57,515.9
1614095280,515.85,516.57,511.17,512.86
1614095460,512.97,515.1,510.2,510.2
1614095640,510.39,512.69,508.46,509.29
1614095820,509.26,513.54,508.3,513.54
1614096000,513.58,519.56,511.49,518.15
1614096180,518.05,525.33,517.12,524.64
1614096360,524.67,525.07,519.0,520.38
1614096540,520.31,521.52,514.47,514.73
1614096720,514.73,517.74,513.57,516.97
1614096900,517.02,521.98,515.27,515.75
1614097080,515.5,515.5,508.66,508.85
1614097260,508.84,513.63,508.35,510.8
1614097440,510.81,511.6,507.51,507.75
1614097620,507.7,516.03,507.33,515.15
1614097800,515.14,518.61,512.53,512.93
1614097980,513.18,517.41,510.83,516.5
1614098160,516.72,516.87,511.27,512.98
1614098340,512.97,512.97,508.51,509.46
1614098520,509.54,509.54,503.75,506.26
1614098700,505.84,511.96,505.64,509.39
1614098880,509.39,510.37,505.53,506.07
1614099060,505.97,509.19,504.92,507.4
1614099240,507.49,512.44,505.88,508.62
1614099420,508.63,508.76,505.26,506.17
1614099600,506.12,510.86,504.14,508.93
1614099780,509.09,511.32,507.6,510.23
1614099960,510.04,510.42,503.81,504.05
1614100140,504.09,505.48,500.49,500.84
1614100320,500.88,503.7,498.11,499.98
1614100500,500.0,507.34,498.67,506.67
1614100680,506.77,508.9,504.84,508.71
1614100860,508.7,508.9,503.91,503.91
1614101040,503.97,509.51,503.9,509.45
1614101220,509.43,509.86,507.81,508.62
1614101400,508.58,514.24,507.43,513.44
1614101580,513.54,514.15,508.8,510.8
1614101760,510.81,513.12,510.15,512.91
1614101940,512.98,513.49,508.99,509.29
1614102120,509.31,509.74,504.08,505.15
1614102300,505.29,505.61,500.51,500.98
1614102480,501.12,505.48,499.55,502.24
1614102660,502.21,503.85,499.75,501.08
1614102840,501.02,503.41,500.24,502.23
1614103020,502.27,502.63,497.08,498.95
1614103200,498.9,504.0,497.43,502.33
1614103380,502.23,503.1,499.11,502.72
1614103560,502.72,505.0,501.99,503.1
1614103740,502.92,503.6,496.19,497.61
1614103920,497.5,498.61,493.72,494.04
1614104100,494.14,500.82,494.0,497.6
1614104280,497.51,499.1,494.0,495.12
1614104460,495.06,501.04,494.96,500.88
1614104640,500.9,501.78,498.46,499.62
1614104820,499.48,501.93,498.9,501.14
1614105000,501.03,503.57,500.29,502.44
1614105180,502.4,504.59,501.1,504.11
1614105360,504.12,505.48,503.13,504.27
1614105540,504.23,504.71,501.95,502.32
1614105720,502.23,502.23,499.09,502.12
1614105900,502.12,504.0,499.9,500.64
1614106080,500.78,503.82,499.7,499.78
1614106260,499.89,500.81,497.34,497.77
1614106440,497.72,498.63,495.39,497.66
1614106620,497.69,499.07,495.33,496.92
1614106800,496.72,497.85,493.68,496.65
1614106980,496.57,499.23,495.2,497.73
1614107160,497.89,500.48,497.37,499.94
1614107340,499.9,502.77,499.23,501.86
1614107520,501.74,502.14,500.0,500.59
1614107700,500.71,500.76,497.24,497.26
1614107880,497.29,497.34,493.9,496.28
1614108060,496.35,496.63,492.6,493.89
1614108240,493.82,494.57,491.24,492.59
1614108420,492.56,495.56,491.74,494.34
1614108600,494.19,494.19,488.8,488.93
1614108780,488.88,490.94,483.88,488.49
1614108960,488.47,493.33,487.8,488.46
1614109140,488.45,488.69,484.34,485.14
1614109320,485.11,486.72,481.0,484.29
1614109500,484.39,490.3,481.93,484.86
1614109680,484.87,486.61,482.98,484.54
1614109860,484.61,486.65,482.64,483.72
1614110040,483.71,485.16,481.87,482.32
1614110220,482.19,483.8,478.2,478.76
1614110400,478.89,482.81,474.07,480.47
1614110580,480.37,488.8,479.7,488.2
1614110760,487.83,489.17,485.92,488.05
1614110940,488.0,488.12,484.71,487.1
1614111120,487.08,487.33,481.13,482.14
1614111300,482.29,483.48,477.53,481.38
1614111480,481.12,489.04,478.83,487.37
1614111660,487.48,491.82,487.29,489.43
1614111840,489.4,490.75,487.64,488.41
1614112020,488.43,491.9,487.1,491.3
1614112200,491.34,493.3,489.44,492.19
1614112380,492.19,493.56,491.28,492.35
1614112560,492.08,493.52,490.9,492.43
1614112740,492.6,494.31,491.26,491.84
1614112920,491.84,493.39,490.3,492.63
1614113100,492.51,494.66,490.18,493.35
1614113280,493.27,494.31,492.02,493.17
1614113460,493.34,495.3,492.34,492.92
1614113640,492.99,495.3,492.9,494.69
1614113820,494.8,496.49,494.12,496.17
1614114000,496.33,499.58,493.67,499.49
1614114180,499.58,500.56,494.51,494.83
1614114360,494.93,497.48,494.79,495.49
1614114540,495.79,496.22,491.7,492.29
1614114720,492.24,496.99,492.14,496.8
1614114900,496.72,498.67,496.35,497.07
1614115080,497.01,500.25,496.71,499.3
1614115260,499.56,501.1,496.42,500.19
1614115440,500.25,501.0,496.47,498.45
1614115620,498.27,500.92,497.42,500.61
1614115800,500.64,501.3,497.38,497.84
1614115980,497.82,503.57,497.82,502.75
1614116160,502.66,503.21,500.55,501.76
1614116340,501.77,502.45,499.69,501.06
1614116520,501.22,503.04,501.12,501.86
1614116700,501.87,503.24,500.94,501.3
1614116880,501.15,502.08,499.41,499.41
1614117060,499.57,500.99,499.54,500.21
1614117240,500.21,503.49,498.17,502.88
1614117420,502.87,505.15,501.28,501.9
1614117600,501.96,505.27,501.69,503.83
1614117780,503.87,503.88,499.49,499.52
1614117960,499.52,503.35,499.32,502.76
1614118140,503.04,506.28,503.01,505.85
1614118320,505.88,506.27,504.33,505.29
1614118500,505.42,506.43,504.43,505.85
1614118680,505.75,508.43,505.73,506.42
1614118860,506.43,506.43,503.9,503.9
1614119040,504.02,504.8,501.82,501.99
1614119220,501.98,502.93,500.81,502.61
1614119400,502.65,503.75,501.6,503.44
1614119580,503.45,503.45,500.25,502.27
1614119760,502.3,502.3,500.6,501.04
1614119940,501.04,502.62,500.63,502.49
1614120120,502.57,504.1,502.38,503.25
1614120300,503.24,508.97,502.95,506.98
1614120480,506.93,508.0,506.33,507.83
1614120660,507.86,512.92,507.85,512.73
1614120840,512.67,513.03,510.16,511.12
1614121020,511.21,513.62,510.42,512.55
1614121200,512.53,514.54,510.88,512.15
1614121380,511.98,512.56,510.59,512.15
1614121560,512.18,513.83,510.6,510.73
1614121740,510.71,513.2,509.91,512.07
1614121920,512.09,514.77,511.78,514.64
1614122100,514.77,515.05,512.9,513.17
1614122280,513.24,513.35,509.71,510.82
1614122460,510.8,511.06,507.6,508.39
1614122640,508.31,509.64,506.1,507.41
1614122820,507.4,510.72,505.1,510.53
1614123000,510.54,511.41,507.15,510.08
1614123180,509.97,514.5,509.32,512.11
1614123360,512.07,513.82,510.39,510.42
1614123540,510.35,512.69,508.94,508.94
1614123720,508.89,510.65,507.34,508.45
1614123900,508.42,510.06,508.2,509.76
1614124080,509.7,510.32,507.93,509.49
1614124260,509.29,509.96,506.34,508.61
1614124440,508.68,513.33,507.31,513.27
1614124620,513.2,517.5,512.44,515.49
1614124800,515.32,520.69,513.49,513.49
1614124980,513.47,513.8,507.62,508.33
1614125160,508.36,510.75,505.98,507.74
1614125340,507.72,509.77,505.18,506.91
1614125520,506.92,508.04,503.16,503.51
1614125700,503.49,505.14,500.6,500.73
1614125880,500.73,505.9,499.5,499.71
1614126060,499.7,502.96,496.17,496.64
1614126240,496.48,499.9,495.55,499.31
1614126420,499.07,499.25,495.05,497.77
1614126600,497.51,504.49,497.29,503.93
1614126780,503.62,507.92,503.1,505.51
1614126960,505.58,509.18,505.5,506.92
1614127140,506.97,511.44,506.63,508.29
1614127320,508.21,510.54,504.86,507.27
1614127500,507.26,510.61,507.26,509.73
1614127680,509.74,512.27,508.01,510.72
1614127860,510.56,514.97,508.1,514.47
1614128040,514.47,516.92,513.71,514.92
1614128220,514.87,517.6,513.88,516.83
1614128400,516.7,518.32,514.3,514.94
1614128580,514.97,517.61,513.65,516.83
1614128760,516.78,518.16,514.9,517.9
1614128940,517.98,521.37,517.69,518.2
1614129120,518.21,519.34,515.4,516.9
1614129300,516.84,519.73,516.7,517.61
1614129480,517.67,523.37,517.49,521.37
1614129660,521.25,526.21,520.85,524.61
1614129840,524.6,527.32,523.57,526.92
1614130020,526.75,530.63,524.56,528.71
1614130200,528.61,528.76,523.14,524.81
1614130380,524.75,525.49,521.9,523.46
1614130560,523.66,529.0,523.46,526.44
1614130740,526.4,531.0,526.36,530.86
1614130920,530.96,534.0,530.11,530.85
1614131100,530.85,533.84,529.08,529.95
1614131280,529.9,531.18,528.37,529.44
1614131460,529.31,533.24,526.7,531.72
1614131640,531.88,534.9,529.85,533.94
1614131820,534.0,534.78,531.31,534.1
1614132000,534.35,537.05,529.65,536.11
1614132180,536.14,538.33,535.67,536.5
1614132360,536.52,538.15,534.1,534.99
1614132540,534.97,535.39,530.12,530.9
1614132720,530.87,535.28,530.87,534.33
1614132900,534.25,535.05,530.12,531.21
1614133080,531.1,534.14,528.46,531.62
1614133260,531.67,532.3,528.99,529.6
1614133440,529.59,532.14,528.83,531.3
1614133620,531.44,532.27,529.6,530.38
1614133800,530.59,535.11,530.59,535.01
1614133980,534.99,537.79,534.41,537.67
1614134160,537.53,538.65,535.43,537.08
1614134340,537.09,537.16,534.24,534.67
1614134520,534.81,536.37,534.0,535.38
1614134700,535.23,540.2,535.23,539.78
1614134880,539.77,543.0,539.7,540.44
1614135060,540.68,543.51,539.24,540.17
1614135240,540.37,542.86,539.5,540.66
1614135420,540.63,540.63,537.9,538.62
1614135600,538.84,539.88,536.0,539.46
1614135780,539.47,545.34,539.47,544.99
1614135960,544.87,545.72,543.09,544.62
1614136140,544.56,545.09,540.34,543.25
1614136320,543.23,545.9,541.39,545.06
1614136500,545.07,546.5,542.6,542.6
1614136680,542.56,544.0,541.0,541.95
1614136860,541.7,546.68,540.77,544.99
1614137040,545.11,545.54,540.21,542.32
1614137220,542.32,542.32,539.78,540.92
1614137400,540.95,542.22,539.02,539.66
1614137580,539.74,542.91,539.44,541.39
1614137760,541.16,542.18,539.51,541.29
1614137940,541.39,545.59,541.29,543.55
1614138120,543.46,545.04,540.77,542.58
1614138300,542.88,543.53,537.25,539.99
1614138480,540.39,545.42,540.23,545.16
1614138660,545.29,548.0,543.41,546.58
1614138840,546.73,548.2,545.25,547.38
1614139020,547.4,547.99,543.4,544.46
1614139200,544.39,548.59,544.33,547.08
1614139380,547.11,547.29,544.2,546.97
1614139560,547.02,548.47,546.1,546.99
1614139740,547.06,553.0,547.06,550.4
1614139920,550.62,551.09,548.2,550.05
1614140100,550.14,551.36,543.81,544.77
1614140280,544.72,545.92,541.72,541.89
1614140460,541.87,544.07,540.62,543.93
1614140640,543.71,546.05,539.55,539.61
1614140820,539.66,541.55,537.96,538.39
1614141000,538.57,541.9,538.57,540.77
1614141180,540.81,541.79,539.01,539.58
1614141360,539.65,541.55,538.92,539.96
1614141540,540.08,540.43,536.8,537.31
1614141720,537.27,538.04,535.51,536.43
1614141900,536.37,540.58,536.37,540.08
1614142080,540.11,543.75,539.64,542.87
1614142260,542.84,545.8,542.68,544.65
1614142440,544.66,545.36,541.26,542.63
1614142620,542.54,543.48,540.64,540.71
1614142800,540.83,543.8,540.31,543.73
1614142980,543.78,544.97,541.99,544.18
1614143160,544.12,546.6,542.06,542.51
1614143340,542.49,544.54,542.04,542.75
1614143520,542.63,543.67,540.35,540.35
1614143700,540.35,540.38,535.73,536.12
1614143880,536.1,537.85,533.78,536.69
1614144060,536.8,536.8,530.86,534.24
1614144240,534.26,535.11,532.53,534.56
1614144420,534.55,537.55,533.31,537.16
1614144600,537.09,537.25,534.42,534.51
1614144780,534.46,537.15,534.04,536.74
1614144960,536.75,540.48,535.84,538.06
1614145140,538.06,540.48,536.73,538.83
1614145320,539.03,541.6,536.9,538.62
1614145500,538.45,540.99,538.13,538.82
1614145680,538.71,540.63,536.86,539.12
1614145860,538.87,541.45,537.44,537.87
1614146040,538.02,540.88,537.37,539.71
1614146220,539.75,539.75,536.58,537.12
1614146400,537.25,543.35,536.92,540.59
1614146580,540.75,544.2,540.3,543.05
1614146760,543.28,543.71,540.12,541.33
1614146940,541.37,541.98,537.65,538.02
1614147120,538.12,538.12,530.03,530.78
1614147300,530.78,533.18,527.9,530.73
1614147480,530.91,531.82,528.08,530.31
1614147660,530.16,535.35,530.08,534.5
1614147840,534.26,536.57,533.2,533.6
1614148020,533.59,535.48,529.32,530.39
1614148200,530.25,533.51,529.64,530.94
1614148380,530.91,532.72,528.09,529.07
1614148560,529.07,531.13,528.75,530.97
1614148740,531.0,532.09,528.86,531.41
1614148920,531.54,534.79,531.38,534.55
1614149100,534.36,537.74,533.74,536.0
1614149280,535.93,538.46,535.28,535.86
1614149460,536.08,536.23,534.02,534.07
1614149640,533.99,536.54,533.62,536.35
1614149820,536.35,536.59,533.83,535.76
1614150000,535.89,538.66,534.08,535.32
1614150180,535.39,536.78,535.06,536.24
1614150360,536.25,537.43,531.31,531.69
1614150540,531.55,533.27,530.06,533.15
1614150720,533.15,533.3,528.2,528.26
1614150900,528.26,532.85,528.08,531.39
1614151080,531.43,534.53,531.39,534.17
1614151260,534.13,535.84,534.0,535.66
1614151440,535.49,536.22,533.39,536.22
1614151620,536.26,536.28,531.0,533.16
1614151800,533.03,536.59,533.03,534.5
